-- MySQL dump 10.16  Distrib 10.1.21-MariaDB, for Win32 (AMD64)
--
-- Host: localhost    Database: localhost
-- ------------------------------------------------------
-- Server version	10.1.21-MariaDB

/*!40101 SET @OLD_CHARACTER_SET_CLIENT=@@CHARACTER_SET_CLIENT */;
/*!40101 SET @OLD_CHARACTER_SET_RESULTS=@@CHARACTER_SET_RESULTS */;
/*!40101 SET @OLD_COLLATION_CONNECTION=@@COLLATION_CONNECTION */;
/*!40101 SET NAMES utf8 */;
/*!40103 SET @OLD_TIME_ZONE=@@TIME_ZONE */;
/*!40103 SET TIME_ZONE='+00:00' */;
/*!40014 SET @OLD_UNIQUE_CHECKS=@@UNIQUE_CHECKS, UNIQUE_CHECKS=0 */;
/*!40014 SET @OLD_FOREIGN_KEY_CHECKS=@@FOREIGN_KEY_CHECKS, FOREIGN_KEY_CHECKS=0 */;
/*!40101 SET @OLD_SQL_MODE=@@SQL_MODE, SQL_MODE='NO_AUTO_VALUE_ON_ZERO' */;
/*!40111 SET @OLD_SQL_NOTES=@@SQL_NOTES, SQL_NOTES=0 */;

--
-- Table structure for table `charts`
--

DROP TABLE IF EXISTS `charts`;
/*!40101 SET @saved_cs_client     = @@character_set_client */;
/*!40101 SET character_set_client = utf8 */;
CREATE TABLE `charts` (
  `CHART_ID` double DEFAULT NULL,
  `TYPE` varchar(255) DEFAULT NULL,
  `RELATED_CHARTS` varchar(255) DEFAULT NULL,
  `INDICATOR_ID` double DEFAULT NULL,
  `CHART_SHORT_TITLE` varchar(255) DEFAULT NULL,
  `CHART_LONG_TITLE` varchar(255) DEFAULT NULL,
  `CARROUSEL_TITLE` varchar(255) DEFAULT NULL,
  `VISUALISED` bit(1) DEFAULT NULL,
  `RELATED_MESSAGE` varchar(1000) DEFAULT NULL,
  `RELATED_MESSAGE_EURO` varchar(1000) DEFAULT NULL,
  `X_AXIS` varchar(255) DEFAULT NULL,
  `Y_AXIS` varchar(255) DEFAULT NULL,
  `Y_AXIS_EURO` varchar(255) DEFAULT NULL
) ENGINE=InnoDB DEFAULT CHARSET=utf8;
/*!40101 SET character_set_client = @saved_cs_client */;

--
-- Dumping data for table `charts`
--

LOCK TABLES `charts` WRITE;
/*!40000 ALTER TABLE `charts` DISABLE KEYS */;
INSERT INTO `charts` VALUES (1,'SIMPLE',NULL,1,NULL,NULL,NULL,'\0',NULL,NULL,NULL,'L-113','L-114'),(2,'SIMPLE',NULL,2,NULL,NULL,NULL,'\0',NULL,NULL,NULL,'L-115','L-116'),(3,'COMPOSED','1.2',NULL,'L-14','L-15',NULL,'\0','L-16','L-17',NULL,NULL,NULL),(4,'SIMPLE',NULL,3,NULL,NULL,NULL,'\0',NULL,NULL,NULL,NULL,NULL),(5,'SIMPLE',NULL,4,NULL,NULL,NULL,'\0',NULL,NULL,NULL,NULL,NULL),(6,'COMPOSED','4.5',NULL,'L-18','L-19',NULL,'\0','L-20',NULL,NULL,NULL,NULL),(7,'SIMPLE',NULL,5,NULL,NULL,NULL,'\0',NULL,NULL,'L-24, L-25',NULL,NULL),(8,'SIMPLE',NULL,6,NULL,NULL,NULL,'\0',NULL,NULL,'L-24, L-25',NULL,NULL),(9,'COMPOSED','7.8',NULL,'L-21','L-22',NULL,'\0','L-23',NULL,NULL,NULL,NULL),(10,'SIMPLE',NULL,7,NULL,NULL,NULL,'\0',NULL,NULL,NULL,NULL,NULL),(11,'SIMPLE',NULL,8,'L-26','L-27',NULL,'\0',NULL,NULL,NULL,NULL,NULL),(12,'COMPOSED','10.11',NULL,'L-28',NULL,NULL,'\0',NULL,NULL,NULL,NULL,NULL),(13,'SIMPLE',NULL,9,NULL,NULL,NULL,'\0',NULL,NULL,NULL,NULL,NULL),(14,'SIMPLE',NULL,10,'L-30','L-31',NULL,'\0',NULL,NULL,NULL,NULL,NULL),(15,'COMPOSED','13.14',NULL,'L-32',NULL,NULL,'\0','L-33',NULL,NULL,NULL,NULL),(16,'SIMPLE',NULL,11,'L-47','L-48','L-40','\0','L-49',NULL,'L-117',NULL,NULL),(17,'SIMPLE',NULL,12,'L-50','L-51','L-41','\0','L-52',NULL,'L-118',NULL,NULL),(18,'SIMPLE',NULL,13,'L-53','L-54','L-42','\0','L-55',NULL,NULL,NULL,NULL),(19,'SIMPLE',NULL,14,NULL,NULL,NULL,'\0',NULL,NULL,NULL,NULL,NULL),(20,'SIMPLE',NULL,15,NULL,NULL,NULL,'\0',NULL,NULL,NULL,NULL,NULL),(21,'COMPOSED','19.2',NULL,'L-56','L-57','L-43','\0','L-58',NULL,NULL,NULL,NULL),(22,'SIMPLE',NULL,16,'L-70','L-71','L-62','\0','L-72',NULL,NULL,'L-119',NULL),(23,'SIMPLE',NULL,17,'L-73','L-74','L-63','\0','L-75',NULL,NULL,'L-120',NULL),(24,'SIMPLE',NULL,18,'L-76','L-77','L-64','\0','L-78',NULL,NULL,'L-121',NULL),(25,'SIMPLE',NULL,19,'L-79','L-80','L-65','\0','L-81',NULL,NULL,'L-122',NULL),(26,'SIMPLE',NULL,20,'L-82','L-83','L-66','\0','L-84',NULL,NULL,'L-123',NULL),(27,'SIMPLE',NULL,21,'L-85','L-86','L-67','\0','L-87',NULL,NULL,'L-124',NULL),(28,'SIMPLE',NULL,22,NULL,NULL,NULL,'\0',NULL,NULL,NULL,NULL,NULL),(29,'SIMPLE',NULL,23,NULL,NULL,NULL,'\0',NULL,NULL,NULL,NULL,NULL),(30,'SIMPLE',NULL,24,NULL,NULL,NULL,'\0',NULL,NULL,NULL,NULL,NULL),(31,'SIMPLE',NULL,25,'L-93','L-94',NULL,'\0','L-92',NULL,NULL,NULL,NULL),(32,'SIMPLE',NULL,26,'L-100','L-101','L-96','\0','L-102',NULL,NULL,'L-125',NULL),(33,'SIMPLE',NULL,26,'L-103','L-104','L-97','\0','L-105',NULL,NULL,'L-126',NULL),(34,'SIMPLE',NULL,26,'L-106','L-107','L-98','\0','L-108',NULL,NULL,'L-127',NULL),(35,'SIMPLE',NULL,26,'L-109','L-110','L-99','\0','L-111',NULL,NULL,'L-128',NULL),(36,'SIMPLE',NULL,27,NULL,NULL,NULL,'\0',NULL,NULL,NULL,NULL,NULL),(37,'SIMPLE',NULL,28,'L-141','L-142',NULL,'\0','L-140',NULL,NULL,NULL,NULL);
/*!40000 ALTER TABLE `charts` ENABLE KEYS */;
UNLOCK TABLES;

--
-- Table structure for table `fact_figures`
--

DROP TABLE IF EXISTS `fact_figures`;
/*!40101 SET @saved_cs_client     = @@character_set_client */;
/*!40101 SET character_set_client = utf8 */;
CREATE TABLE `fact_figures` (
  `INDICATOR_ID` smallint(6) DEFAULT NULL,
  `SPLIT_1` varchar(255) DEFAULT NULL,
  `SPLIT_2` varchar(255) DEFAULT NULL,
  `SPLIT_3` varchar(255) DEFAULT NULL,
  `STATUS` varchar(255) DEFAULT NULL,
  `REGION` varchar(15) DEFAULT NULL,
  `COUNTRY` varchar(50) DEFAULT NULL,
  `MEASURE` double DEFAULT NULL
) ENGINE=InnoDB DEFAULT CHARSET=utf8;
/*!40101 SET character_set_client = @saved_cs_client */;

--
-- Dumping data for table `fact_figures`
--

LOCK TABLES `fact_figures` WRITE;
/*!40000 ALTER TABLE `fact_figures` DISABLE KEYS */;
INSERT INTO `fact_figures` VALUES (1,'Cost non-fatal cases','$',NULL,'Final','GLOBAL_ESTIMATE',NULL,1335.86291747328),(16,NULL,NULL,NULL,'Final',NULL,'Bulgaria',2619.5781936),(1,'Cost fatal cases','$',NULL,'Final','GLOBAL_ESTIMATE',NULL,1630.27428495392),(1,'Cost non-fatal cases','€',NULL,'Final','GLOBAL_ESTIMATE',NULL,1206.85058946001),(1,'Cost fatal cases','€',NULL,'Final','GLOBAL_ESTIMATE',NULL,1472.82887790579),(2,'Cost non-fatal cases','$',NULL,'Final','EU28',NULL,288.596302271186),(2,'Cost fatal cases','$',NULL,'Final','EU28',NULL,239.071014444629),(2,'Cost non-fatal cases','€',NULL,'Final','EU28',NULL,260.113837107874),(2,'Cost fatal cases','€',NULL,'Final','EU28',NULL,215.47635371305),(16,NULL,NULL,NULL,'Final',NULL,'Croatia',1966.9647553),(3,'Fatal work-related illnesses',NULL,NULL,'Final','GLOBAL_ESTIMATE',NULL,2403965),(16,NULL,NULL,NULL,'Final',NULL,'Czech Republic',2087.1969199),(3,'Fatal work-related injuries',NULL,NULL,'Final','GLOBAL_ESTIMATE',NULL,380500.38074209),(16,NULL,NULL,NULL,'Final',NULL,'Estonia',1939.9955522),(4,'Fatal work-related illnesses',NULL,NULL,'Final','EU28',NULL,200209.262844779),(16,NULL,NULL,NULL,'Final',NULL,'Hungary',2411.9059658),(4,'Fatal work-related injuries',NULL,NULL,'Final','EU28',NULL,3757),(16,NULL,NULL,NULL,'Final',NULL,'Latvia',2311.2839948),(5,'Years lived with disability (YLD)-Non fatal injuries and illnesses',NULL,NULL,'Final','GLOBAL_ESTIMATE',NULL,55.5177840154875),(16,NULL,NULL,NULL,'Final',NULL,'Lithuania',2148.1597198),(5,'Years of life lost (YLL)-Fatal illnesses',NULL,NULL,'Final','GLOBAL_ESTIMATE',NULL,49.2243931571689),(16,NULL,NULL,NULL,'Final',NULL,'Poland',2182.3089332),(5,'Years of life lost (YLL)-Fatal injuries',NULL,NULL,'Final','GLOBAL_ESTIMATE',NULL,18.5289776821602),(16,NULL,NULL,NULL,'Final',NULL,'Romania',1988.9833322),(6,'YLD-Non fatal injuries and illnesses',NULL,NULL,'Final','EU28',NULL,3.68525499980179),(16,NULL,NULL,NULL,'Final',NULL,'Slovakia',2333.6463158),(6,'YLL-Fatal illnesses',NULL,NULL,'Final','EU28',NULL,3.25631923117609),(16,NULL,NULL,NULL,'Final',NULL,'Austria',1555.0648141),(6,'YLL-Fatal injuries',NULL,NULL,'Final','EU28',NULL,0.171323796295034),(16,NULL,NULL,NULL,'Final',NULL,'Belgium',1395.8366414),(8,'Cancer',NULL,NULL,'Final','EU28',NULL,52.1200398611562),(16,NULL,NULL,NULL,'Final',NULL,'Cyprus',1436.0978202),(8,'Circulatory',NULL,NULL,'Final','EU28',NULL,24.2499991978387),(16,NULL,NULL,NULL,'Final',NULL,'Denmark',1511.7039877),(8,'Injuries',NULL,NULL,'Final','EU28',NULL,1.84197128858469),(16,NULL,NULL,NULL,'Final',NULL,'Finland',1432.9121549),(8,'Others',NULL,NULL,'Final','EU28',NULL,21.7879896524204),(10,'Cancer',NULL,NULL,'Final','EU28',NULL,25.007022875899036),(16,NULL,NULL,NULL,'Final',NULL,'France',1529.5393775),(10,'MSD',NULL,NULL,'Final','EU28',NULL,14.65894153687529),(16,NULL,NULL,NULL,'Final',NULL,'Germany',1441.6203046),(10,'Circulatory',NULL,NULL,'Final','EU28',NULL,12.280827673916296),(16,NULL,NULL,NULL,'Final',NULL,'Greece',1392.1923737),(10,'Injuries',NULL,NULL,'Final','EU28',NULL,11.532628489902036),(16,NULL,NULL,NULL,'Final',NULL,'Ireland',1507.507028),(10,'Others',NULL,NULL,'Final','EU28',NULL,36.520579423407334),(16,NULL,NULL,NULL,'Final',NULL,'Italy',1350.0954242),(11,'Fatal work-related illnesses',NULL,NULL,'Final','HIGH',NULL,89.04838776),(16,NULL,NULL,NULL,'Final',NULL,'Luxembourg',1627.9828311),(11,'Fatal work-related illnesses',NULL,NULL,'Final','AFRO',NULL,61.891674827),(16,NULL,NULL,NULL,'Final',NULL,'Malta',1452.5746385),(11,'Fatal work-related illnesses',NULL,NULL,'Final','AMRO',NULL,49.549897368),(16,NULL,NULL,NULL,'Final',NULL,'Netherlands',1357.3288974),(11,'Fatal work-related illnesses',NULL,NULL,'Final','EMRO',NULL,81.738324365),(16,NULL,NULL,NULL,'Final',NULL,'Portugal',1504.3692556),(11,'Fatal work-related illnesses',NULL,NULL,'Final','EURO',NULL,102.41110879),(16,NULL,NULL,NULL,'Final',NULL,'Slovenia',1639.7058061),(11,'Fatal work-related illnesses',NULL,NULL,'Final','SEARO',NULL,89.536109809),(16,NULL,NULL,NULL,'Final',NULL,'Spain',1518.376986),(11,'Fatal work-related illnesses',NULL,NULL,'Final','WPRO',NULL,66.947702),(16,NULL,NULL,NULL,'Final',NULL,'Sweden',1367.4309158),(11,'Fatal work-related illnesses',NULL,NULL,'Final','EU28',NULL,91.697779040002),(16,NULL,NULL,NULL,'Final',NULL,'United Kingdom',1260.5104885),(11,'Fatal work-related injuries',NULL,NULL,'Final','HIGH',NULL,2.2586582866),(16,NULL,NULL,NULL,'Final',NULL,'Iceland',1405.0370169),(11,'Fatal work-related injuries',NULL,NULL,'Final','AFRO',NULL,18.849839109),(16,NULL,NULL,NULL,'Final',NULL,'Norway',1434.1108999),(11,'Fatal work-related injuries',NULL,NULL,'Final','AMRO',NULL,7.2033510518),(17,NULL,NULL,NULL,'Final',NULL,'Bulgaria',1035.0788436),(11,'Fatal work-related injuries',NULL,NULL,'Final','EMRO',NULL,13.147570031),(17,NULL,NULL,NULL,'Final',NULL,'Croatia',1040.2572458),(11,'Fatal work-related injuries',NULL,NULL,'Final','EURO',NULL,6.9347164727),(17,NULL,NULL,NULL,'Final',NULL,'Czech Republic',825.57177131),(11,'Fatal work-related injuries',NULL,NULL,'Final','SEARO',NULL,16.301224396),(17,NULL,NULL,NULL,'Final',NULL,'Estonia',794.89309898),(11,'Fatal work-related injuries',NULL,NULL,'Final','WPRO',NULL,13.800959365),(17,NULL,NULL,NULL,'Final',NULL,'Hungary',878.2816888),(17,NULL,NULL,NULL,'Final',NULL,'Latvia',1018.8097943),(11,'Fatal work-related injuries',NULL,NULL,'Final','EU28',NULL,1.72074234207826),(17,NULL,NULL,NULL,'Final',NULL,'Lithuania',982.11206001),(12,'YLL resulting from fatal work-related injuries and illnesses',NULL,NULL,'Final','HIGH',NULL,1441.8523412),(12,'YLL resulting from fatal work-related injuries and illnesses',NULL,NULL,'Final','AFRO',NULL,2439.1637983),(17,NULL,NULL,NULL,'Final',NULL,'Poland',1045.1993691),(12,'YLL resulting from fatal work-related injuries and illnesses',NULL,NULL,'Final','AMRO',NULL,1263.5506841),(17,NULL,NULL,NULL,'Final',NULL,'Romania',1412.5143233),(12,'YLL resulting from fatal work-related injuries and illnesses',NULL,NULL,'Final','EMRO',NULL,2689.9198391),(17,NULL,NULL,NULL,'Final',NULL,'Slovakia',889.99665545),(12,'YLL resulting from fatal work-related injuries and illnesses',NULL,NULL,'Final','EURO',NULL,2613.1225796),(17,NULL,NULL,NULL,'Final',NULL,'Austria',2033.1347983),(12,'YLL resulting from fatal work-related injuries and illnesses',NULL,NULL,'Final','SEARO',NULL,2774.958553),(17,NULL,NULL,NULL,'Final',NULL,'Belgium',1796.6079644),(17,NULL,NULL,NULL,'Final',NULL,'Cyprus',1846.235372),(12,'YLL resulting from fatal work-related injuries and illnesses',NULL,NULL,'Final','WPRO',NULL,2003.4884572),(17,NULL,NULL,NULL,'Final',NULL,'Denmark',1940.4579057),(12,'YLL resulting from fatal work-related injuries and illnesses',NULL,NULL,'Final','EU28',NULL,1569.89366273593),(17,NULL,NULL,NULL,'Final',NULL,'Finland',1892.9319033),(13,'YLL-Fatal injuries and illnesses per 100.000 workers',NULL,NULL,'Final','HIGH',NULL,44.059576772),(17,NULL,NULL,NULL,'Final',NULL,'France',1973.0328878),(13,'YLL-Fatal injuries and illnesses per 100.000 workers',NULL,NULL,'Final','AFRO',NULL,61.025922407),(17,NULL,NULL,NULL,'Final',NULL,'Germany',1892.4485586),(13,'YLL-Fatal injuries and illnesses per 100.000 workers',NULL,NULL,'Final','AMRO',NULL,34.012749813),(17,NULL,NULL,NULL,'Final',NULL,'Greece',1791.6751478),(13,'YLL-Fatal injuries and illnesses per 100.000 workers',NULL,NULL,'Final','EMRO',NULL,65.748850183),(17,NULL,NULL,NULL,'Final',NULL,'Ireland',1962.4440701),(13,'YLL-Fatal injuries and illnesses per 100.000 workers',NULL,NULL,'Final','EURO',NULL,70.638604805),(17,NULL,NULL,NULL,'Final',NULL,'Italy',1737.0894565),(13,'YLL-Fatal injuries and illnesses per 100.000 workers',NULL,NULL,'Final','SEARO',NULL,63.106467243),(17,NULL,NULL,NULL,'Final',NULL,'Luxembourg',2208.6367898),(13,'YLL-Fatal injuries and illnesses per 100.000 workers',NULL,NULL,'Final','WPRO',NULL,50.352111405),(17,NULL,NULL,NULL,'Final',NULL,'Malta',1250.6961389),(13,'YLL-Fatal injuries and illnesses per 100.000 workers',NULL,NULL,'Final','EU28',NULL,48.1258795577411),(17,NULL,NULL,NULL,'Final',NULL,'Netherlands',1769.4755836),(13,'YLD-non fatal injuries and illnesses per 100.000 workers',NULL,NULL,'Final','HIGH',NULL,55.940423228),(17,NULL,NULL,NULL,'Final',NULL,'Portugal',1931.916119),(13,'YLD-non fatal injuries and illnesses per 100.000 workers',NULL,NULL,'Final','AFRO',NULL,38.974077593),(17,NULL,NULL,NULL,'Final',NULL,'Slovenia',2077.7501811),(13,'YLD-non fatal injuries and illnesses per 100.000 workers',NULL,NULL,'Final','AMRO',NULL,65.987250187),(17,NULL,NULL,NULL,'Final',NULL,'Spain',1978.3785717),(13,'YLD-non fatal injuries and illnesses per 100.000 workers',NULL,NULL,'Final','EMRO',NULL,34.251149817),(17,NULL,NULL,NULL,'Final',NULL,'Sweden',1788.4175377),(13,'YLD-non fatal injuries and illnesses per 100.000 workers',NULL,NULL,'Final','EURO',NULL,29.361395195),(17,NULL,NULL,NULL,'Final',NULL,'United Kingdom',1641.4712483),(13,'YLD-non fatal injuries and illnesses per 100.000 workers',NULL,NULL,'Final','SEARO',NULL,36.893532757),(17,NULL,NULL,NULL,'Final',NULL,'Iceland',1855.3336109),(13,'YLD-non fatal injuries and illnesses per 100.000 workers',NULL,NULL,'Final','WPRO',NULL,49.647888595),(17,NULL,NULL,NULL,'Final',NULL,'Norway',1878.6137553),(13,'YLD-non fatal injuries and illnesses per 100.000 workers',NULL,NULL,'Final','EU28',NULL,51.8741204422589),(18,NULL,NULL,NULL,'Final',NULL,'Bulgaria',3654.6570372),(14,'DALY per 100.000 workers',NULL,NULL,'Final','HIGH',NULL,3272.5061083),(18,NULL,NULL,NULL,'Final',NULL,'Croatia',3007.2220011),(14,'DALY per 100.000 workers',NULL,NULL,'Final','AFRO',NULL,3996.9306519),(18,NULL,NULL,NULL,'Final',NULL,'Czech Republic',2912.7686912),(14,'DALY per 100.000 workers',NULL,NULL,'Final','AMRO',NULL,3714.9324622),(18,NULL,NULL,NULL,'Final',NULL,'Estonia',2734.8886512),(14,'DALY per 100.000 workers',NULL,NULL,'Final','EMRO',NULL,4091.2043809),(18,NULL,NULL,NULL,'Final',NULL,'Hungary',3290.1876546),(14,'DALY per 100.000 workers',NULL,NULL,'Final','EURO',NULL,3699.2839635),(18,NULL,NULL,NULL,'Final',NULL,'Latvia',3330.0937891),(14,'DALY per 100.000 workers',NULL,NULL,'Final','SEARO',NULL,4397.2649306),(18,NULL,NULL,NULL,'Final',NULL,'Lithuania',3130.2717798),(14,'DALY per 100.000 workers',NULL,NULL,'Final','WPRO',NULL,3978.9561972),(18,NULL,NULL,NULL,'Final',NULL,'Poland',3227.5083022),(14,'DALY per 100.000 workers',NULL,NULL,'Final','EU28',NULL,3257.77610072224),(18,NULL,NULL,NULL,'Final',NULL,'Romania',3401.4976555),(18,NULL,NULL,NULL,'Final',NULL,'Slovakia',3223.6429712),(15,'Contribution to GDP loss',NULL,NULL,'Final','HIGH',NULL,3.2725061083),(18,NULL,NULL,NULL,'Final',NULL,'Austria',3588.1996124),(15,'Contribution to GDP loss',NULL,NULL,'Final','AFRO',NULL,3.9969306519),(18,NULL,NULL,NULL,'Final',NULL,'Belgium',3192.4446058),(15,'Contribution to GDP loss',NULL,NULL,'Final','AMRO',NULL,3.7149324622),(18,NULL,NULL,NULL,'Final',NULL,'Cyprus',3282.3331921),(15,'Contribution to GDP loss',NULL,NULL,'Final','EMRO',NULL,4.0912043809),(18,NULL,NULL,NULL,'Final',NULL,'Denmark',3452.1618934),(15,'Contribution to GDP loss',NULL,NULL,'Final','EURO',NULL,3.6992839635),(18,NULL,NULL,NULL,'Final',NULL,'Finland',3325.8440583),(15,'Contribution to GDP loss',NULL,NULL,'Final','SEARO',NULL,4.3972649306),(18,NULL,NULL,NULL,'Final',NULL,'France',3502.5722652),(15,'Contribution to GDP loss',NULL,NULL,'Final','WPRO',NULL,3.9789561972),(18,NULL,NULL,NULL,'Final',NULL,'Germany',3334.0688632),(15,'Contribution to GDP loss',NULL,NULL,'Final','EU28',NULL,3.25777610072224),(18,NULL,NULL,NULL,'Final',NULL,'Greece',3183.8675215),(16,NULL,NULL,NULL,'Final','EU28',NULL,1569.89366273593),(18,NULL,NULL,NULL,'Final',NULL,'Ireland',3469.9510981),(17,NULL,NULL,NULL,'Final','EU28',NULL,1687.88243798631),(18,NULL,NULL,NULL,'Final',NULL,'Italy',3087.1848807),(18,NULL,NULL,NULL,'Final','EU28',NULL,3257.77610072224),(18,NULL,NULL,NULL,'Final',NULL,'Luxembourg',3836.6196209),(19,NULL,NULL,NULL,'Final','EU28',NULL,3.25777610072224),(18,NULL,NULL,NULL,'Final',NULL,'Malta',2703.2707775),(20,NULL,NULL,NULL,'Final','EU28',NULL,0.162833341915057),(18,NULL,NULL,NULL,'Final',NULL,'Netherlands',3126.804481),(21,NULL,NULL,NULL,'Final','EU28',NULL,3.09494275880718),(18,NULL,NULL,NULL,'Final',NULL,'Portugal',3436.2853747),(25,'Cancer',NULL,NULL,'Final','EU28',NULL,814.6728147531821),(18,NULL,NULL,NULL,'Final',NULL,'Slovenia',3717.4559871),(25,'MSD',NULL,NULL,'Final','EU28',NULL,477.5554940071686),(18,NULL,NULL,NULL,'Final',NULL,'Spain',3496.7555577),(25,'Circulatory',NULL,NULL,'Final','EU28',NULL,400.081868931728),(18,NULL,NULL,NULL,'Final',NULL,'Sweden',3155.8484535),(25,'Injuries',NULL,NULL,'Final','EU28',NULL,375.70721472911265),(18,NULL,NULL,NULL,'Final',NULL,'United Kingdom',2901.9817367),(25,'Others',NULL,NULL,'Final','EU28',NULL,1189.758708301048),(18,NULL,NULL,NULL,'Final',NULL,'Iceland',3260.3706278),(26,'All',NULL,NULL,'Final','EU28',NULL,3257.77610072224),(18,NULL,NULL,NULL,'Final',NULL,'Norway',3312.7246552),(26,'Cancer',NULL,NULL,'Final','EU28',NULL,814.672814753182),(19,NULL,NULL,NULL,'Final',NULL,'Bulgaria',3.6546570372),(26,'MSD',NULL,NULL,'Final','EU28',NULL,477.555494007169),(19,NULL,NULL,NULL,'Final',NULL,'Croatia',3.0072220011),(26,'Circulatory',NULL,NULL,'Final','EU28',NULL,400.081868931728),(19,NULL,NULL,NULL,'Final',NULL,'Czech Republic',2.9127686912),(25,'Cancer (%)',NULL,NULL,'Final','EU28',NULL,25.007022875899036),(19,NULL,NULL,NULL,'Final',NULL,'Estonia',2.7348886512),(25,'MSD (%)',NULL,NULL,'Final','EU28',NULL,14.65894153687529),(19,NULL,NULL,NULL,'Final',NULL,'Hungary',3.2901876546),(25,'Circulatory (%)',NULL,NULL,'Final','EU28',NULL,12.280827673916296),(19,NULL,NULL,NULL,'Final',NULL,'Latvia',3.3300937891),(25,'Injuries (%)',NULL,NULL,'Final','EU28',NULL,11.532628489902036),(19,NULL,NULL,NULL,'Final',NULL,'Lithuania',3.1302717798),(25,'Others (%)',NULL,NULL,'Final','EU28',NULL,36.520579423407334),(19,NULL,NULL,NULL,'Final',NULL,'Poland',3.2275083022),(28,'Cancer',NULL,NULL,'Final','HIGH',NULL,717.87978477),(19,NULL,NULL,NULL,'Final',NULL,'Romania',3.4014976555),(28,'Cancer',NULL,NULL,'Final','AFRO',NULL,257.72104793),(19,NULL,NULL,NULL,'Final',NULL,'Slovakia',3.2236429712),(28,'Cancer',NULL,NULL,'Final','AMRO',NULL,388.69393077),(19,NULL,NULL,NULL,'Final',NULL,'Austria',3.5881996124),(28,'Cancer',NULL,NULL,'Final','EMRO',NULL,441.5827994),(19,NULL,NULL,NULL,'Final',NULL,'Belgium',3.1924446058),(28,'Cancer',NULL,NULL,'Final','EURO',NULL,720.25001699),(19,NULL,NULL,NULL,'Final',NULL,'Cyprus',3.2823331921),(28,'Cancer',NULL,NULL,'Final','SEARO',NULL,341.62453216),(19,NULL,NULL,NULL,'Final',NULL,'Denmark',3.4521618934),(28,'Cancer',NULL,NULL,'Final','WPRO',NULL,559.12701563),(19,NULL,NULL,NULL,'Final',NULL,'Finland',3.3258440583),(28,'Cancer',NULL,NULL,'Final','EU28',NULL,814.6728147531821),(19,NULL,NULL,NULL,'Final',NULL,'France',3.5025722652),(28,'Cancer',NULL,NULL,'Final','GLOBAL_ESTIMATE',NULL,486.7568901143324),(19,NULL,NULL,NULL,'Final',NULL,'Germany',3.3340688632),(28,'MSD',NULL,NULL,'Final','HIGH',NULL,381.16855056),(19,NULL,NULL,NULL,'Final',NULL,'Greece',3.1838675215),(28,'MSD',NULL,NULL,'Final','AFRO',NULL,618.13624829),(19,NULL,NULL,NULL,'Final',NULL,'Ireland',3.4699510981),(28,'MSD',NULL,NULL,'Final','AMRO',NULL,457.45604552),(19,NULL,NULL,NULL,'Final',NULL,'Italy',3.0871848807),(28,'MSD',NULL,NULL,'Final','EMRO',NULL,759.91869583),(19,NULL,NULL,NULL,'Final',NULL,'Luxembourg',3.8366196209),(28,'MSD',NULL,NULL,'Final','EURO',NULL,581.49835297),(19,NULL,NULL,NULL,'Final',NULL,'Malta',2.7032707775),(28,'MSD',NULL,NULL,'Final','SEARO',NULL,757.26496609),(19,NULL,NULL,NULL,'Final',NULL,'Netherlands',3.126804481),(28,'MSD',NULL,NULL,'Final','WPRO',NULL,557.31007128),(19,NULL,NULL,NULL,'Final',NULL,'Portugal',3.4362853747),(28,'MSD',NULL,NULL,'Final','EU28',NULL,477.5554940071686),(19,NULL,NULL,NULL,'Final',NULL,'Slovenia',3.7174559871),(28,'MSD',NULL,NULL,'Final','GLOBAL_ESTIMATE',NULL,589.3808288259982),(19,NULL,NULL,NULL,'Final',NULL,'Spain',3.4967555577),(28,'Circulatory',NULL,NULL,'Final','HIGH',NULL,421.04418844),(19,NULL,NULL,NULL,'Final',NULL,'Sweden',3.1558484535),(28,'Circulatory',NULL,NULL,'Final','AFRO',NULL,504.93736008),(19,NULL,NULL,NULL,'Final',NULL,'United Kingdom',2.9019817367),(28,'Circulatory',NULL,NULL,'Final','AMRO',NULL,438.54423958),(19,NULL,NULL,NULL,'Final',NULL,'Iceland',3.2603706278),(28,'Circulatory',NULL,NULL,'Final','EMRO',NULL,867.99502511),(19,NULL,NULL,NULL,'Final',NULL,'Norway',3.3127246552),(28,'Circulatory',NULL,NULL,'Final','EURO',NULL,1264.3139971),(20,NULL,NULL,NULL,'Final',NULL,'Bulgaria',0.24884842962),(28,'Circulatory',NULL,NULL,'Final','SEARO',NULL,912.16890205),(20,NULL,NULL,NULL,'Final',NULL,'Croatia',0.11596545713),(28,'Circulatory',NULL,NULL,'Final','WPRO',NULL,587.33926747),(20,NULL,NULL,NULL,'Final',NULL,'Czech Republic',0.15051227229),(28,'Circulatory',NULL,NULL,'Final','EU28',NULL,400.081868931728),(20,NULL,NULL,NULL,'Final',NULL,'Estonia',0.16143478952),(28,'Circulatory',NULL,NULL,'Final','GLOBAL_ESTIMATE',NULL,677.9451415057181),(20,NULL,NULL,NULL,'Final',NULL,'Hungary',0.12561334349),(28,'Injuries',NULL,NULL,'Final','HIGH',NULL,264.33543978),(20,NULL,NULL,NULL,'Final',NULL,'Latvia',0.30426751866),(28,'Injuries',NULL,NULL,'Final','AFRO',NULL,543.67077692),(28,'Injuries',NULL,NULL,'Final','AMRO',NULL,668.25079395),(20,NULL,NULL,NULL,'Final',NULL,'Lithuania',0.27272195838),(28,'Injuries',NULL,NULL,'Final','EMRO',NULL,658.62204516),(20,NULL,NULL,NULL,'Final',NULL,'Poland',0.11479891734),(28,'Injuries',NULL,NULL,'Final','EURO',NULL,597.81803007),(20,NULL,NULL,NULL,'Final',NULL,'Romania',0.23374632583),(28,'Injuries',NULL,NULL,'Final','SEARO',NULL,475.22569767),(20,NULL,NULL,NULL,'Final',NULL,'Slovakia',0.11027923156),(28,'Injuries',NULL,NULL,'Final','WPRO',NULL,284.25438416),(20,NULL,NULL,NULL,'Final',NULL,'Austria',0.32879959268),(28,'Injuries',NULL,NULL,'Final','EU28',NULL,375.70721472911265),(20,NULL,NULL,NULL,'Final',NULL,'Belgium',0.12188336372),(28,'Injuries',NULL,NULL,'Final','GLOBAL_ESTIMATE',NULL,429.1837436868399),(20,NULL,NULL,NULL,'Final',NULL,'Cyprus',0.14708009653),(28,'Others',NULL,NULL,'Final','HIGH',NULL,1488.0781448),(20,NULL,NULL,NULL,'Final',NULL,'Denmark',0.14976843085),(28,'Others',NULL,NULL,'Final','AFRO',NULL,2072.4652187),(20,NULL,NULL,NULL,'Final',NULL,'Finland',0.078039209873),(28,'Others',NULL,NULL,'Final','AMRO',NULL,1761.9874524),(20,NULL,NULL,NULL,'Final',NULL,'France',0.23798250453),(28,'Others',NULL,NULL,'Final','EMRO',NULL,1363.0858154),(20,NULL,NULL,NULL,'Final',NULL,'Germany',0.13010040339),(28,'Others',NULL,NULL,'Final','EURO',NULL,535.40356633),(20,NULL,NULL,NULL,'Final',NULL,'Greece',0.082018368817),(28,'Others',NULL,NULL,'Final','SEARO',NULL,1910.9808326),(20,NULL,NULL,NULL,'Final',NULL,'Ireland',0.26015449087),(28,'Others',NULL,NULL,'Final','WPRO',NULL,1990.9254587),(20,NULL,NULL,NULL,'Final',NULL,'Italy',0.24076021263),(20,NULL,NULL,NULL,'Final',NULL,'Luxembourg',0.44958537325),(28,'Others',NULL,NULL,'Final','EU28',NULL,1189.758708301048),(20,NULL,NULL,NULL,'Final',NULL,'Malta',0.19425561335),(28,'Others',NULL,NULL,'Final','GLOBAL_ESTIMATE',NULL,1756.9752616296048),(20,NULL,NULL,NULL,'Final',NULL,'Netherlands',0.058932792181),(28,'Cancer (%)',NULL,NULL,'Final','HIGH',NULL,21.936698084),(20,NULL,NULL,NULL,'Final',NULL,'Portugal',0.3579112094),(28,'Cancer (%)',NULL,NULL,'Final','AFRO',NULL,6.4479739674),(20,NULL,NULL,NULL,'Final',NULL,'Slovenia',0.27812113731),(28,'Cancer (%)',NULL,NULL,'Final','AMRO',NULL,10.463014731),(20,NULL,NULL,NULL,'Final',NULL,'Spain',0.17256286998),(28,'Cancer (%)',NULL,NULL,'Final','EMRO',NULL,10.793467114),(20,NULL,NULL,NULL,'Final',NULL,'Sweden',0.088312995624),(28,'Cancer (%)',NULL,NULL,'Final','EURO',NULL,19.469984573),(20,NULL,NULL,NULL,'Final',NULL,'United Kingdom',0.082720024792),(28,'Cancer (%)',NULL,NULL,'Final','SEARO',NULL,7.7690231895),(20,NULL,NULL,NULL,'Final',NULL,'Iceland',0.24253928392),(28,'Cancer (%)',NULL,NULL,'Final','WPRO',NULL,14.052102811),(20,NULL,NULL,NULL,'Final',NULL,'Norway',0.24667939318),(28,'Cancer (%)',NULL,NULL,'Final','EU28',NULL,25.007022875899036),(21,NULL,NULL,NULL,'Final',NULL,'Bulgaria',3.4058086076),(21,NULL,NULL,NULL,'Final',NULL,'Croatia',2.891256544),(28,'Cancer (%)',NULL,NULL,'Final','GLOBAL_ESTIMATE',NULL,12.353477443703522),(21,NULL,NULL,NULL,'Final',NULL,'Czech Republic',2.762256419),(28,'MSD (%)',NULL,NULL,'Final','HIGH',NULL,11.647603945),(21,NULL,NULL,NULL,'Final',NULL,'Estonia',2.5734538616),(28,'MSD (%)',NULL,NULL,'Final','AFRO',NULL,15.465273284),(21,NULL,NULL,NULL,'Final',NULL,'Hungary',3.1645743111),(28,'MSD (%)',NULL,NULL,'Final','AMRO',NULL,12.313980137),(21,NULL,NULL,NULL,'Final',NULL,'Latvia',3.0258262704),(21,NULL,NULL,NULL,'Final',NULL,'Lithuania',2.8575498214),(28,'MSD (%)',NULL,NULL,'Final','EMRO',NULL,18.574449602),(28,'MSD (%)',NULL,NULL,'Final','EURO',NULL,15.719213737),(21,NULL,NULL,NULL,'Final',NULL,'Poland',3.1127093849),(28,'MSD (%)',NULL,NULL,'Final','SEARO',NULL,17.221272269),(21,NULL,NULL,NULL,'Final',NULL,'Romania',3.1677513296),(28,'MSD (%)',NULL,NULL,'Final','WPRO',NULL,14.006438967),(21,NULL,NULL,NULL,'Final',NULL,'Slovakia',3.1133637397),(28,'MSD (%)',NULL,NULL,'Final','EU28',NULL,14.65894153687529),(21,NULL,NULL,NULL,'Final',NULL,'Austria',3.2594000197),(28,'MSD (%)',NULL,NULL,'Final','GLOBAL_ESTIMATE',NULL,14.957986055303854),(21,NULL,NULL,NULL,'Final',NULL,'Belgium',3.0705612421),(28,'Circulatory (%)',NULL,NULL,'Final','HIGH',NULL,12.866108557),(21,NULL,NULL,NULL,'Final',NULL,'Cyprus',3.1352530956),(28,'Circulatory (%)',NULL,NULL,'Final','AFRO',NULL,12.633127869),(21,NULL,NULL,NULL,'Final',NULL,'Denmark',3.3023934626),(28,'Circulatory (%)',NULL,NULL,'Final','AMRO',NULL,11.804904774),(21,NULL,NULL,NULL,'Final',NULL,'Finland',3.2478048484),(28,'Circulatory (%)',NULL,NULL,'Final','EMRO',NULL,21.216124747),(21,NULL,NULL,NULL,'Final',NULL,'France',3.2645897607),(28,'Circulatory (%)',NULL,NULL,'Final','EURO',NULL,34.17726267),(21,NULL,NULL,NULL,'Final',NULL,'Germany',3.2039684598),(28,'Circulatory (%)',NULL,NULL,'Final','SEARO',NULL,20.744006023),(21,NULL,NULL,NULL,'Final',NULL,'Greece',3.1018491527),(28,'Circulatory (%)',NULL,NULL,'Final','WPRO',NULL,14.761139313),(21,NULL,NULL,NULL,'Final',NULL,'Ireland',3.2097966072),(28,'Circulatory (%)',NULL,NULL,'Final','EU28',NULL,12.280827673916296),(21,NULL,NULL,NULL,'Final',NULL,'Italy',2.8464246681),(28,'Circulatory (%)',NULL,NULL,'Final','GLOBAL_ESTIMATE',NULL,17.205673270885008),(21,NULL,NULL,NULL,'Final',NULL,'Luxembourg',3.3870342476),(21,NULL,NULL,NULL,'Final',NULL,'Malta',2.5090151641),(28,'Injuries (%)',NULL,NULL,'Final','HIGH',NULL,8.0774620743),(21,NULL,NULL,NULL,'Final',NULL,'Netherlands',3.0678716888),(28,'Injuries (%)',NULL,NULL,'Final','AFRO',NULL,13.6022069),(21,NULL,NULL,NULL,'Final',NULL,'Portugal',3.0783741653),(28,'Injuries (%)',NULL,NULL,'Final','AMRO',NULL,17.988235338),(21,NULL,NULL,NULL,'Final',NULL,'Slovenia',3.4393348498),(28,'Injuries (%)',NULL,NULL,'Final','EMRO',NULL,16.098487972),(21,NULL,NULL,NULL,'Final',NULL,'Spain',3.3241926877),(28,'Injuries (%)',NULL,NULL,'Final','EURO',NULL,16.160371466),(21,NULL,NULL,NULL,'Final',NULL,'Sweden',3.0675354579),(28,'Injuries (%)',NULL,NULL,'Final','SEARO',NULL,10.807301929),(21,NULL,NULL,NULL,'Final',NULL,'United Kingdom',2.819261712),(28,'Injuries (%)',NULL,NULL,'Final','WPRO',NULL,7.1439435387),(21,NULL,NULL,NULL,'Final',NULL,'Iceland',3.0178313438),(28,'Injuries (%)',NULL,NULL,'Final','EU28',NULL,11.532628489902036),(21,NULL,NULL,NULL,'Final',NULL,'Norway',3.066045262),(28,'Injuries (%)',NULL,NULL,'Final','GLOBAL_ESTIMATE',NULL,10.89231976889791),(25,'Cancer',NULL,NULL,'Final',NULL,'Bulgaria',1200.4169985),(28,'Others (%)',NULL,NULL,'Final','HIGH',NULL,45.47212734),(25,'Cancer',NULL,NULL,'Final',NULL,'Croatia',1067.9089056),(28,'Others (%)',NULL,NULL,'Final','AFRO',NULL,51.85141798),(25,'Cancer',NULL,NULL,'Final',NULL,'Czech Republic',913.45570499),(28,'Others (%)',NULL,NULL,'Final','AMRO',NULL,47.42986502),(25,'Cancer',NULL,NULL,'Final',NULL,'Estonia',889.49627728),(28,'Others (%)',NULL,NULL,'Final','EMRO',NULL,33.317470566),(25,'Cancer',NULL,NULL,'Final',NULL,'Hungary',1007.7732573),(28,'Others (%)',NULL,NULL,'Final','EURO',NULL,14.473167554),(25,'Cancer',NULL,NULL,'Final',NULL,'Latvia',1179.5559015),(28,'Others (%)',NULL,NULL,'Final','SEARO',NULL,43.458396589),(25,'Cancer',NULL,NULL,'Final',NULL,'Lithuania',1080.2087348),(28,'Others (%)',NULL,NULL,'Final','WPRO',NULL,50.036375371),(25,'Cancer',NULL,NULL,'Final',NULL,'Poland',1047.3183248),(28,'Others (%)',NULL,NULL,'Final','EU28',NULL,36.520579423407334),(25,'Cancer',NULL,NULL,'Final',NULL,'Romania',1219.2303752),(28,'Others (%)',NULL,NULL,'Final','GLOBAL_ESTIMATE',NULL,44.590543461209705),(25,'Cancer',NULL,NULL,'Final',NULL,'Slovakia',1115.3843192),(25,'Cancer',NULL,NULL,'Final',NULL,'Austria',789.58272055),(25,'Cancer',NULL,NULL,'Final',NULL,'Belgium',707.17284087),(25,'Cancer',NULL,NULL,'Final',NULL,'Cyprus',884.3012694),(25,'Cancer',NULL,NULL,'Final',NULL,'Denmark',775.91704749),(25,'Cancer',NULL,NULL,'Final',NULL,'Finland',751.40935708),(25,'Cancer',NULL,NULL,'Final',NULL,'France',776.50363839),(25,'Cancer',NULL,NULL,'Final',NULL,'Germany',711.31747121),(25,'Cancer',NULL,NULL,'Final',NULL,'Greece',735.55279562),(25,'Cancer',NULL,NULL,'Final',NULL,'Ireland',847.88692186),(25,'Cancer',NULL,NULL,'Final',NULL,'Italy',710.70026506),(25,'Cancer',NULL,NULL,'Final',NULL,'Luxembourg',727.91123031),(25,'Cancer',NULL,NULL,'Final',NULL,'Malta',706.39405682),(25,'Cancer',NULL,NULL,'Final',NULL,'Netherlands',715.61590958),(25,'Cancer',NULL,NULL,'Final',NULL,'Portugal',1010.5776838),(25,'Cancer',NULL,NULL,'Final',NULL,'Slovenia',938.4664152),(25,'Cancer',NULL,NULL,'Final',NULL,'Spain',974.00568244),(25,'Cancer',NULL,NULL,'Final',NULL,'Sweden',700.71747329),(25,'Cancer',NULL,NULL,'Final',NULL,'United Kingdom',641.70597723),(25,'Cancer',NULL,NULL,'Final',NULL,'Iceland',741.57686599),(25,'Cancer',NULL,NULL,'Final',NULL,'Norway',688.10370777),(25,'MSD',NULL,NULL,'Final',NULL,'Bulgaria',517.48892533),(25,'MSD',NULL,NULL,'Final',NULL,'Croatia',517.48892533),(25,'MSD',NULL,NULL,'Final',NULL,'Czech Republic',517.48892533),(25,'MSD',NULL,NULL,'Final',NULL,'Estonia',517.48892533),(25,'MSD',NULL,NULL,'Final',NULL,'Hungary',517.48892533),(25,'MSD',NULL,NULL,'Final',NULL,'Latvia',517.48892533),(25,'MSD',NULL,NULL,'Final',NULL,'Lithuania',517.48892533),(25,'MSD',NULL,NULL,'Final',NULL,'Poland',517.48892533),(25,'MSD',NULL,NULL,'Final',NULL,'Romania',517.48892533),(25,'MSD',NULL,NULL,'Final',NULL,'Slovakia',517.48892533),(25,'MSD',NULL,NULL,'Final',NULL,'Austria',426.23477648),(25,'MSD',NULL,NULL,'Final',NULL,'Belgium',435.66310925),(25,'MSD',NULL,NULL,'Final',NULL,'Cyprus',593.31403364),(25,'MSD',NULL,NULL,'Final',NULL,'Denmark',451.52573597),(25,'MSD',NULL,NULL,'Final',NULL,'Finland',416.34766263),(25,'MSD',NULL,NULL,'Final',NULL,'France',371.93507448),(25,'MSD',NULL,NULL,'Final',NULL,'Germany',510.69859774),(25,'MSD',NULL,NULL,'Final',NULL,'Greece',774.54329506),(25,'MSD',NULL,NULL,'Final',NULL,'Ireland',424.97831653),(25,'MSD',NULL,NULL,'Final',NULL,'Italy',439.66210181),(25,'MSD',NULL,NULL,'Final',NULL,'Luxembourg',381.61644951),(25,'MSD',NULL,NULL,'Final',NULL,'Malta',368.94331315),(25,'MSD',NULL,NULL,'Final',NULL,'Netherlands',422.84321463),(25,'MSD',NULL,NULL,'Final',NULL,'Portugal',840.61362374),(25,'MSD',NULL,NULL,'Final',NULL,'Slovenia',592.02792626),(25,'MSD',NULL,NULL,'Final',NULL,'Spain',524.31308449),(25,'MSD',NULL,NULL,'Final',NULL,'Sweden',381.25102156),(25,'MSD',NULL,NULL,'Final',NULL,'United Kingdom',432.44813724),(25,'MSD',NULL,NULL,'Final',NULL,'Iceland',463.90765766),(25,'MSD',NULL,NULL,'Final',NULL,'Norway',403.30046448),(25,'Circulatory',NULL,NULL,'Final',NULL,'Bulgaria',454.01356881),(25,'Circulatory',NULL,NULL,'Final',NULL,'Croatia',474.69158955),(25,'Circulatory',NULL,NULL,'Final',NULL,'Czech Republic',402.13566334),(25,'Circulatory',NULL,NULL,'Final',NULL,'Estonia',411.53294732),(25,'Circulatory',NULL,NULL,'Final',NULL,'Hungary',418.63704936),(25,'Circulatory',NULL,NULL,'Final',NULL,'Latvia',533.37083741),(25,'Circulatory',NULL,NULL,'Final',NULL,'Lithuania',512.26303382),(25,'Circulatory',NULL,NULL,'Final',NULL,'Poland',475.8274628),(25,'Circulatory',NULL,NULL,'Final',NULL,'Romania',480.16222115),(25,'Circulatory',NULL,NULL,'Final',NULL,'Slovakia',490.11275576),(25,'Circulatory',NULL,NULL,'Final',NULL,'Austria',352.85092878),(25,'Circulatory',NULL,NULL,'Final',NULL,'Belgium',370.13925049),(25,'Circulatory',NULL,NULL,'Final',NULL,'Cyprus',689.31009325),(25,'Circulatory',NULL,NULL,'Final',NULL,'Denmark',384.95766277),(25,'Circulatory',NULL,NULL,'Final',NULL,'Finland',387.82080245),(25,'Circulatory',NULL,NULL,'Final',NULL,'France',369.64421318),(25,'Circulatory',NULL,NULL,'Final',NULL,'Germany',352.91669477),(25,'Circulatory',NULL,NULL,'Final',NULL,'Greece',522.00443837),(25,'Circulatory',NULL,NULL,'Final',NULL,'Ireland',444.69355361),(25,'Circulatory',NULL,NULL,'Final',NULL,'Italy',350.51034485),(25,'Circulatory',NULL,NULL,'Final',NULL,'Luxembourg',374.36474833),(25,'Circulatory',NULL,NULL,'Final',NULL,'Malta',374.63816361),(25,'Circulatory',NULL,NULL,'Final',NULL,'Netherlands',407.58806577),(25,'Circulatory',NULL,NULL,'Final',NULL,'Portugal',436.62565026),(25,'Circulatory',NULL,NULL,'Final',NULL,'Slovenia',420.82385828),(25,'Circulatory',NULL,NULL,'Final',NULL,'Spain',476.46578809),(25,'Circulatory',NULL,NULL,'Final',NULL,'Sweden',324.77072749),(25,'Circulatory',NULL,NULL,'Final',NULL,'United Kingdom',387.94387307),(25,'Circulatory',NULL,NULL,'Final',NULL,'Iceland',380.24438311),(25,'Circulatory',NULL,NULL,'Final',NULL,'Norway',343.10525865),(25,'Injuries',NULL,NULL,'Final',NULL,'Bulgaria',515.18251438),(25,'Injuries',NULL,NULL,'Final',NULL,'Croatia',569.95173158),(25,'Injuries',NULL,NULL,'Final',NULL,'Czech Republic',440.17252714),(25,'Injuries',NULL,NULL,'Final',NULL,'Estonia',419.56697666),(25,'Injuries',NULL,NULL,'Final',NULL,'Hungary',270.30930556),(25,'Injuries',NULL,NULL,'Final',NULL,'Latvia',514.62538641),(25,'Injuries',NULL,NULL,'Final',NULL,'Lithuania',739.7483689),(25,'Injuries',NULL,NULL,'Final',NULL,'Poland',464.01571079),(25,'Injuries',NULL,NULL,'Final',NULL,'Romania',758.14089082),(25,'Injuries',NULL,NULL,'Final',NULL,'Slovakia',367.13618827),(25,'Injuries',NULL,NULL,'Final',NULL,'Austria',648.24956772),(25,'Injuries',NULL,NULL,'Final',NULL,'Belgium',117.8803831),(25,'Injuries',NULL,NULL,'Final',NULL,'Cyprus',859.03848564),(25,'Injuries',NULL,NULL,'Final',NULL,'Denmark',287.74635187),(25,'Injuries',NULL,NULL,'Final',NULL,'Finland',294.61815118),(25,'Injuries',NULL,NULL,'Final',NULL,'France',211.45447256),(25,'Injuries',NULL,NULL,'Final',NULL,'Germany',273.2680187),(25,'Injuries',NULL,NULL,'Final',NULL,'Greece',364.63348704),(25,'Injuries',NULL,NULL,'Final',NULL,'Ireland',837.2448323),(25,'Injuries',NULL,NULL,'Final',NULL,'Italy',617.94350382),(25,'Injuries',NULL,NULL,'Final',NULL,'Luxembourg',119.53447013),(25,'Injuries',NULL,NULL,'Final',NULL,'Malta',595.81213484),(25,'Injuries',NULL,NULL,'Final',NULL,'Netherlands',242.51661654),(25,'Injuries',NULL,NULL,'Final',NULL,'Portugal',743.53142152),(25,'Injuries',NULL,NULL,'Final',NULL,'Slovenia',520.07794409),(25,'Injuries',NULL,NULL,'Final',NULL,'Spain',614.51760284),(25,'Injuries',NULL,NULL,'Final',NULL,'Sweden',217.09487537),(25,'Injuries',NULL,NULL,'Final',NULL,'United Kingdom',132.0184479),(25,'Injuries',NULL,NULL,'Final',NULL,'Iceland',281.23505397),(25,'Injuries',NULL,NULL,'Final',NULL,'Norway',354.52226697),(25,'Others',NULL,NULL,'Final',NULL,'Bulgaria',967.55503017),(25,'Others',NULL,NULL,'Final',NULL,'Croatia',377.18084913),(25,'Others',NULL,NULL,'Final',NULL,'Czech Republic',639.51587045),(25,'Others',NULL,NULL,'Final',NULL,'Estonia',496.80352456),(25,'Others',NULL,NULL,'Final',NULL,'Hungary',1075.979117),(25,'Others',NULL,NULL,'Final',NULL,'Latvia',585.05273839),(25,'Others',NULL,NULL,'Final',NULL,'Lithuania',280.56271696),(25,'Others',NULL,NULL,'Final',NULL,'Poland',722.85787856),(25,'Others',NULL,NULL,'Final',NULL,'Romania',426.47524301),(25,'Others',NULL,NULL,'Final',NULL,'Slovakia',733.52078262),(25,'Others',NULL,NULL,'Final',NULL,'Austria',1371.2816189),(25,'Others',NULL,NULL,'Final',NULL,'Belgium',1561.5890221),(25,'Others',NULL,NULL,'Final',NULL,'Cyprus',256.36931022),(25,'Others',NULL,NULL,'Final',NULL,'Denmark',1552.0150953),(25,'Others',NULL,NULL,'Final',NULL,'Finland',1475.6480849),(25,'Others',NULL,NULL,'Final',NULL,'France',1773.0348666),(25,'Others',NULL,NULL,'Final',NULL,'Germany',1485.8680808),(25,'Others',NULL,NULL,'Final',NULL,'Greece',787.13350544),(25,'Others',NULL,NULL,'Final',NULL,'Ireland',915.14747377),(25,'Others',NULL,NULL,'Final',NULL,'Italy',968.36866517),(25,'Others',NULL,NULL,'Final',NULL,'Luxembourg',2233.1927226),(25,'Others',NULL,NULL,'Final',NULL,'Malta',657.48310904),(25,'Others',NULL,NULL,'Final',NULL,'Netherlands',1338.2406745),(25,'Others',NULL,NULL,'Final',NULL,'Portugal',404.93699534),(25,'Others',NULL,NULL,'Final',NULL,'Slovenia',1246.0598433),(25,'Others',NULL,NULL,'Final',NULL,'Spain',907.45339981),(25,'Others',NULL,NULL,'Final',NULL,'Sweden',1532.0143558),(25,'Others',NULL,NULL,'Final',NULL,'United Kingdom',1307.8653013),(25,'Others',NULL,NULL,'Final',NULL,'Iceland',1393.406667),(25,'Others',NULL,NULL,'Final',NULL,'Norway',1523.6929573),(26,'All',NULL,NULL,'Final',NULL,'Bulgaria',3654.6570372),(26,'All',NULL,NULL,'Final',NULL,'Croatia',3007.2220011),(26,'All',NULL,NULL,'Final',NULL,'Czech Republic',2912.7686912),(26,'All',NULL,NULL,'Final',NULL,'Estonia',2734.8886512),(26,'All',NULL,NULL,'Final',NULL,'Hungary',3290.1876546),(26,'All',NULL,NULL,'Final',NULL,'Latvia',3330.0937891),(26,'All',NULL,NULL,'Final',NULL,'Lithuania',3130.2717798),(26,'All',NULL,NULL,'Final',NULL,'Poland',3227.5083022),(26,'All',NULL,NULL,'Final',NULL,'Romania',3401.4976555),(26,'All',NULL,NULL,'Final',NULL,'Slovakia',3223.6429712),(26,'All',NULL,NULL,'Final',NULL,'Austria',3588.1996124),(26,'All',NULL,NULL,'Final',NULL,'Belgium',3192.4446058),(26,'All',NULL,NULL,'Final',NULL,'Cyprus',3282.3331921),(26,'All',NULL,NULL,'Final',NULL,'Denmark',3452.1618934),(26,'All',NULL,NULL,'Final',NULL,'Finland',3325.8440583),(26,'All',NULL,NULL,'Final',NULL,'France',3502.5722652),(26,'All',NULL,NULL,'Final',NULL,'Germany',3334.0688632),(26,'All',NULL,NULL,'Final',NULL,'Greece',3183.8675215),(26,'All',NULL,NULL,'Final',NULL,'Ireland',3469.9510981),(26,'All',NULL,NULL,'Final',NULL,'Italy',3087.1848807),(26,'All',NULL,NULL,'Final',NULL,'Luxembourg',3836.6196209),(26,'All',NULL,NULL,'Final',NULL,'Malta',2703.2707775),(26,'All',NULL,NULL,'Final',NULL,'Netherlands',3126.804481),(26,'All',NULL,NULL,'Final',NULL,'Portugal',3436.2853747),(26,'All',NULL,NULL,'Final',NULL,'Slovenia',3717.4559871),(26,'All',NULL,NULL,'Final',NULL,'Spain',3496.7555577),(26,'All',NULL,NULL,'Final',NULL,'Sweden',3155.8484535),(26,'All',NULL,NULL,'Final',NULL,'United Kingdom',2901.9817367),(26,'All',NULL,NULL,'Final',NULL,'Iceland',3260.3706278),(26,'All',NULL,NULL,'Final',NULL,'Norway',3312.7246552),(26,'Cancer',NULL,NULL,'Final',NULL,'Bulgaria',1200.4169985),(26,'Cancer',NULL,NULL,'Final',NULL,'Croatia',1067.9089056),(26,'Cancer',NULL,NULL,'Final',NULL,'Czech Republic',913.45570499),(26,'Cancer',NULL,NULL,'Final',NULL,'Estonia',889.49627728),(26,'Cancer',NULL,NULL,'Final',NULL,'Hungary',1007.7732573),(26,'Cancer',NULL,NULL,'Final',NULL,'Latvia',1179.5559015),(26,'Cancer',NULL,NULL,'Final',NULL,'Lithuania',1080.2087348),(26,'Cancer',NULL,NULL,'Final',NULL,'Poland',1047.3183248),(26,'Cancer',NULL,NULL,'Final',NULL,'Romania',1219.2303752),(26,'Cancer',NULL,NULL,'Final',NULL,'Slovakia',1115.3843192),(26,'Cancer',NULL,NULL,'Final',NULL,'Austria',789.58272055),(26,'Cancer',NULL,NULL,'Final',NULL,'Belgium',707.17284087),(26,'Cancer',NULL,NULL,'Final',NULL,'Cyprus',884.3012694),(26,'Cancer',NULL,NULL,'Final',NULL,'Denmark',775.91704749),(26,'Cancer',NULL,NULL,'Final',NULL,'Finland',751.40935708),(26,'Cancer',NULL,NULL,'Final',NULL,'France',776.50363839),(26,'Cancer',NULL,NULL,'Final',NULL,'Germany',711.31747121),(26,'Cancer',NULL,NULL,'Final',NULL,'Greece',735.55279562),(26,'Cancer',NULL,NULL,'Final',NULL,'Ireland',847.88692186),(26,'Cancer',NULL,NULL,'Final',NULL,'Italy',710.70026506),(26,'Cancer',NULL,NULL,'Final',NULL,'Luxembourg',727.91123031),(26,'Cancer',NULL,NULL,'Final',NULL,'Malta',706.39405682),(26,'Cancer',NULL,NULL,'Final',NULL,'Netherlands',715.61590958),(26,'Cancer',NULL,NULL,'Final',NULL,'Portugal',1010.5776838),(26,'Cancer',NULL,NULL,'Final',NULL,'Slovenia',938.4664152),(26,'Cancer',NULL,NULL,'Final',NULL,'Spain',974.00568244),(26,'Cancer',NULL,NULL,'Final',NULL,'Sweden',700.71747329),(26,'Cancer',NULL,NULL,'Final',NULL,'United Kingdom',641.70597723),(26,'Cancer',NULL,NULL,'Final',NULL,'Iceland',741.57686599),(26,'Cancer',NULL,NULL,'Final',NULL,'Norway',688.10370777),(26,'MSD',NULL,NULL,'Final',NULL,'Bulgaria',517.48892533),(26,'MSD',NULL,NULL,'Final',NULL,'Croatia',517.48892533),(26,'MSD',NULL,NULL,'Final',NULL,'Czech Republic',517.48892533),(26,'MSD',NULL,NULL,'Final',NULL,'Estonia',517.48892533),(26,'MSD',NULL,NULL,'Final',NULL,'Hungary',517.48892533),(26,'MSD',NULL,NULL,'Final',NULL,'Latvia',517.48892533),(26,'MSD',NULL,NULL,'Final',NULL,'Lithuania',517.48892533),(26,'MSD',NULL,NULL,'Final',NULL,'Poland',517.48892533),(26,'MSD',NULL,NULL,'Final',NULL,'Romania',517.48892533),(26,'MSD',NULL,NULL,'Final',NULL,'Slovakia',517.48892533),(26,'MSD',NULL,NULL,'Final',NULL,'Austria',426.23477648),(26,'MSD',NULL,NULL,'Final',NULL,'Belgium',435.66310925),(26,'MSD',NULL,NULL,'Final',NULL,'Cyprus',593.31403364),(26,'MSD',NULL,NULL,'Final',NULL,'Denmark',451.52573597),(26,'MSD',NULL,NULL,'Final',NULL,'Finland',416.34766263),(26,'MSD',NULL,NULL,'Final',NULL,'France',371.93507448),(26,'MSD',NULL,NULL,'Final',NULL,'Germany',510.69859774),(26,'MSD',NULL,NULL,'Final',NULL,'Greece',774.54329506),(26,'MSD',NULL,NULL,'Final',NULL,'Ireland',424.97831653),(26,'MSD',NULL,NULL,'Final',NULL,'Italy',439.66210181),(26,'MSD',NULL,NULL,'Final',NULL,'Luxembourg',381.61644951),(26,'MSD',NULL,NULL,'Final',NULL,'Malta',368.94331315),(26,'MSD',NULL,NULL,'Final',NULL,'Netherlands',422.84321463),(26,'MSD',NULL,NULL,'Final',NULL,'Portugal',840.61362374),(26,'MSD',NULL,NULL,'Final',NULL,'Slovenia',592.02792626),(26,'MSD',NULL,NULL,'Final',NULL,'Spain',524.31308449),(26,'MSD',NULL,NULL,'Final',NULL,'Sweden',381.25102156),(26,'MSD',NULL,NULL,'Final',NULL,'United Kingdom',432.44813724),(26,'MSD',NULL,NULL,'Final',NULL,'Iceland',463.90765766),(26,'MSD',NULL,NULL,'Final',NULL,'Norway',403.30046448),(26,'Circulatory',NULL,NULL,'Final',NULL,'Bulgaria',454.01356881),(26,'Circulatory',NULL,NULL,'Final',NULL,'Croatia',474.69158955),(26,'Circulatory',NULL,NULL,'Final',NULL,'Czech Republic',402.13566334),(26,'Circulatory',NULL,NULL,'Final',NULL,'Estonia',411.53294732),(26,'Circulatory',NULL,NULL,'Final',NULL,'Hungary',418.63704936),(26,'Circulatory',NULL,NULL,'Final',NULL,'Latvia',533.37083741),(26,'Circulatory',NULL,NULL,'Final',NULL,'Lithuania',512.26303382),(26,'Circulatory',NULL,NULL,'Final',NULL,'Poland',475.8274628),(26,'Circulatory',NULL,NULL,'Final',NULL,'Romania',480.16222115),(26,'Circulatory',NULL,NULL,'Final',NULL,'Slovakia',490.11275576),(26,'Circulatory',NULL,NULL,'Final',NULL,'Austria',352.85092878),(26,'Circulatory',NULL,NULL,'Final',NULL,'Belgium',370.13925049),(26,'Circulatory',NULL,NULL,'Final',NULL,'Cyprus',689.31009325),(26,'Circulatory',NULL,NULL,'Final',NULL,'Denmark',384.95766277),(26,'Circulatory',NULL,NULL,'Final',NULL,'Finland',387.82080245),(26,'Circulatory',NULL,NULL,'Final',NULL,'France',369.64421318),(26,'Circulatory',NULL,NULL,'Final',NULL,'Germany',352.91669477),(26,'Circulatory',NULL,NULL,'Final',NULL,'Greece',522.00443837),(26,'Circulatory',NULL,NULL,'Final',NULL,'Ireland',444.69355361),(26,'Circulatory',NULL,NULL,'Final',NULL,'Italy',350.51034485),(26,'Circulatory',NULL,NULL,'Final',NULL,'Luxembourg',374.36474833),(26,'Circulatory',NULL,NULL,'Final',NULL,'Malta',374.63816361),(26,'Circulatory',NULL,NULL,'Final',NULL,'Netherlands',407.58806577),(26,'Circulatory',NULL,NULL,'Final',NULL,'Portugal',436.62565026),(26,'Circulatory',NULL,NULL,'Final',NULL,'Slovenia',420.82385828),(26,'Circulatory',NULL,NULL,'Final',NULL,'Spain',476.46578809),(26,'Circulatory',NULL,NULL,'Final',NULL,'Sweden',324.77072749),(26,'Circulatory',NULL,NULL,'Final',NULL,'United Kingdom',387.94387307),(26,'Circulatory',NULL,NULL,'Final',NULL,'Iceland',380.24438311),(26,'Circulatory',NULL,NULL,'Final',NULL,'Norway',343.10525865),(25,'Cancer (%)',NULL,NULL,'Final',NULL,'Bulgaria',32.846228423),(25,'Cancer (%)',NULL,NULL,'Final',NULL,'Croatia',35.511475546),(25,'Cancer (%)',NULL,NULL,'Final',NULL,'Czech Republic',31.360392871),(25,'Cancer (%)',NULL,NULL,'Final',NULL,'Estonia',32.524039942),(25,'Cancer (%)',NULL,NULL,'Final',NULL,'Hungary',30.629658947),(25,'Cancer (%)',NULL,NULL,'Final',NULL,'Latvia',35.421101513),(25,'Cancer (%)',NULL,NULL,'Final',NULL,'Lithuania',34.508464784),(25,'Cancer (%)',NULL,NULL,'Final',NULL,'Poland',32.449748434),(25,'Cancer (%)',NULL,NULL,'Final',NULL,'Romania',35.843928136),(25,'Cancer (%)',NULL,NULL,'Final',NULL,'Slovakia',34.600119467),(25,'Cancer (%)',NULL,NULL,'Final',NULL,'Austria',22.004983162),(25,'Cancer (%)',NULL,NULL,'Final',NULL,'Belgium',22.1514522),(25,'Cancer (%)',NULL,NULL,'Final',NULL,'Cyprus',26.941240198),(25,'Cancer (%)',NULL,NULL,'Final',NULL,'Denmark',22.476264771),(25,'Cancer (%)',NULL,NULL,'Final',NULL,'Finland',22.593042365),(25,'Cancer (%)',NULL,NULL,'Final',NULL,'France',22.169525126),(25,'Cancer (%)',NULL,NULL,'Final',NULL,'Germany',21.334816418),(25,'Cancer (%)',NULL,NULL,'Final',NULL,'Greece',23.102493764),(25,'Cancer (%)',NULL,NULL,'Final',NULL,'Ireland',24.435125969),(25,'Cancer (%)',NULL,NULL,'Final',NULL,'Italy',23.020981655),(25,'Cancer (%)',NULL,NULL,'Final',NULL,'Luxembourg',18.972723445),(25,'Cancer (%)',NULL,NULL,'Final',NULL,'Malta',26.13108767),(25,'Cancer (%)',NULL,NULL,'Final',NULL,'Netherlands',22.886493669),(25,'Cancer (%)',NULL,NULL,'Final',NULL,'Portugal',29.409015073),(25,'Cancer (%)',NULL,NULL,'Final',NULL,'Slovenia',25.244856118),(25,'Cancer (%)',NULL,NULL,'Final',NULL,'Spain',27.854554497),(25,'Cancer (%)',NULL,NULL,'Final',NULL,'Sweden',22.203774472),(25,'Cancer (%)',NULL,NULL,'Final',NULL,'United Kingdom',22.112681452),(25,'Cancer (%)',NULL,NULL,'Final',NULL,'Iceland',22.745170739),(25,'Cancer (%)',NULL,NULL,'Final',NULL,'Norway',20.771533387),(25,'MSD (%)',NULL,NULL,'Final',NULL,'Bulgaria',14.15971239),(25,'MSD (%)',NULL,NULL,'Final',NULL,'Croatia',17.208204952),(25,'MSD (%)',NULL,NULL,'Final',NULL,'Czech Republic',17.766221083),(25,'MSD (%)',NULL,NULL,'Final',NULL,'Estonia',18.921754826),(25,'MSD (%)',NULL,NULL,'Final',NULL,'Hungary',15.728249561),(25,'MSD (%)',NULL,NULL,'Final',NULL,'Latvia',15.539770292),(25,'MSD (%)',NULL,NULL,'Final',NULL,'Lithuania',16.53175704),(25,'MSD (%)',NULL,NULL,'Final',NULL,'Poland',16.033697728),(25,'MSD (%)',NULL,NULL,'Final',NULL,'Romania',15.213561135),(25,'MSD (%)',NULL,NULL,'Final',NULL,'Slovakia',16.052923042),(25,'MSD (%)',NULL,NULL,'Final',NULL,'Austria',11.878792222),(25,'MSD (%)',NULL,NULL,'Final',NULL,'Belgium',13.646692834),(25,'MSD (%)',NULL,NULL,'Final',NULL,'Cyprus',18.075984335),(25,'MSD (%)',NULL,NULL,'Final',NULL,'Denmark',13.079506405),(25,'MSD (%)',NULL,NULL,'Final',NULL,'Finland',12.518556353),(25,'MSD (%)',NULL,NULL,'Final',NULL,'France',10.618912225),(25,'MSD (%)',NULL,NULL,'Final',NULL,'Germany',15.317577971),(25,'MSD (%)',NULL,NULL,'Final',NULL,'Greece',24.327120705),(25,'MSD (%)',NULL,NULL,'Final',NULL,'Ireland',12.247386332),(25,'MSD (%)',NULL,NULL,'Final',NULL,'Italy',14.241521606),(25,'MSD (%)',NULL,NULL,'Final',NULL,'Luxembourg',9.9466845094),(25,'MSD (%)',NULL,NULL,'Final',NULL,'Malta',13.648033938),(25,'MSD (%)',NULL,NULL,'Final',NULL,'Netherlands',13.523174129),(25,'MSD (%)',NULL,NULL,'Final',NULL,'Portugal',24.462858351),(25,'MSD (%)',NULL,NULL,'Final',NULL,'Slovenia',15.925620325),(25,'MSD (%)',NULL,NULL,'Final',NULL,'Spain',14.994273287),(25,'MSD (%)',NULL,NULL,'Final',NULL,'Sweden',12.080777236),(25,'MSD (%)',NULL,NULL,'Final',NULL,'United Kingdom',14.901821461),(25,'MSD (%)',NULL,NULL,'Final',NULL,'Iceland',14.228678596),(25,'MSD (%)',NULL,NULL,'Final',NULL,'Norway',12.174282696),(25,'Circulatory (%)',NULL,NULL,'Final',NULL,'Bulgaria',12.422877556),(25,'Circulatory (%)',NULL,NULL,'Final',NULL,'Croatia',15.785053094),(25,'Circulatory (%)',NULL,NULL,'Final',NULL,'Czech Republic',13.805959414),(25,'Circulatory (%)',NULL,NULL,'Final',NULL,'Estonia',15.047521118),(25,'Circulatory (%)',NULL,NULL,'Final',NULL,'Hungary',12.723804637),(25,'Circulatory (%)',NULL,NULL,'Final',NULL,'Latvia',16.016691156),(25,'Circulatory (%)',NULL,NULL,'Final',NULL,'Lithuania',16.364810146),(25,'Circulatory (%)',NULL,NULL,'Final',NULL,'Poland',14.742873395),(25,'Circulatory (%)',NULL,NULL,'Final',NULL,'Romania',14.116200268),(25,'Circulatory (%)',NULL,NULL,'Final',NULL,'Slovakia',15.203692225),(25,'Circulatory (%)',NULL,NULL,'Final',NULL,'Austria',9.8336482607),(25,'Circulatory (%)',NULL,NULL,'Final',NULL,'Belgium',11.59422625),(25,'Circulatory (%)',NULL,NULL,'Final',NULL,'Cyprus',21.000613067),(25,'Circulatory (%)',NULL,NULL,'Final',NULL,'Denmark',11.15120538),(25,'Circulatory (%)',NULL,NULL,'Final',NULL,'Finland',11.660823408),(25,'Circulatory (%)',NULL,NULL,'Final',NULL,'France',10.553507114),(25,'Circulatory (%)',NULL,NULL,'Final',NULL,'Germany',10.585165132),(25,'Circulatory (%)',NULL,NULL,'Final',NULL,'Greece',16.395293926),(25,'Circulatory (%)',NULL,NULL,'Final',NULL,'Ireland',12.815556791),(25,'Circulatory (%)',NULL,NULL,'Final',NULL,'Italy',11.35372057),(25,'Circulatory (%)',NULL,NULL,'Final',NULL,'Luxembourg',9.757671735),(25,'Circulatory (%)',NULL,NULL,'Final',NULL,'Malta',13.858699126),(25,'Circulatory (%)',NULL,NULL,'Final',NULL,'Netherlands',13.035291086),(25,'Circulatory (%)',NULL,NULL,'Final',NULL,'Portugal',12.706326823),(25,'Circulatory (%)',NULL,NULL,'Final',NULL,'Slovenia',11.320210911),(25,'Circulatory (%)',NULL,NULL,'Final',NULL,'Spain',13.625939252),(25,'Circulatory (%)',NULL,NULL,'Final',NULL,'Sweden',10.291074882),(25,'Circulatory (%)',NULL,NULL,'Final',NULL,'United Kingdom',13.368239646),(25,'Circulatory (%)',NULL,NULL,'Final',NULL,'Iceland',11.662612216),(25,'Circulatory (%)',NULL,NULL,'Final',NULL,'Norway',10.357192171),(25,'Injuries (%)',NULL,NULL,'Final',NULL,'Bulgaria',14.09660357),(25,'Injuries (%)',NULL,NULL,'Final',NULL,'Croatia',18.952765421),(25,'Injuries (%)',NULL,NULL,'Final',NULL,'Czech Republic',15.111825682),(25,'Injuries (%)',NULL,NULL,'Final',NULL,'Estonia',15.341281865),(25,'Injuries (%)',NULL,NULL,'Final',NULL,'Hungary',8.2156197134),(25,'Injuries (%)',NULL,NULL,'Final',NULL,'Latvia',15.453780554),(25,'Injuries (%)',NULL,NULL,'Final',NULL,'Lithuania',23.632081204),(25,'Injuries (%)',NULL,NULL,'Final',NULL,'Poland',14.376902159),(25,'Injuries (%)',NULL,NULL,'Final',NULL,'Romania',22.288443727),(25,'Injuries (%)',NULL,NULL,'Final',NULL,'Slovakia',11.388860105),(25,'Injuries (%)',NULL,NULL,'Final',NULL,'Austria',18.066151211),(25,'Injuries (%)',NULL,NULL,'Final',NULL,'Belgium',3.6924801415),(25,'Injuries (%)',NULL,NULL,'Final',NULL,'Cyprus',26.171580865),(25,'Injuries (%)',NULL,NULL,'Final',NULL,'Denmark',8.3352508009),(25,'Injuries (%)',NULL,NULL,'Final',NULL,'Finland',8.8584475405),(25,'Injuries (%)',NULL,NULL,'Final',NULL,'France',6.0371194809),(25,'Injuries (%)',NULL,NULL,'Final',NULL,'Germany',8.196231989),(25,'Injuries (%)',NULL,NULL,'Final',NULL,'Greece',11.452533266),(25,'Injuries (%)',NULL,NULL,'Final',NULL,'Ireland',24.128433186),(25,'Injuries (%)',NULL,NULL,'Final',NULL,'Italy',20.016407429),(25,'Injuries (%)',NULL,NULL,'Final',NULL,'Luxembourg',3.1156195282),(25,'Injuries (%)',NULL,NULL,'Final',NULL,'Malta',22.040416366),(25,'Injuries (%)',NULL,NULL,'Final',NULL,'Netherlands',7.756053121),(25,'Injuries (%)',NULL,NULL,'Final',NULL,'Portugal',21.637650557),(25,'Injuries (%)',NULL,NULL,'Final',NULL,'Slovenia',13.990157406),(25,'Injuries (%)',NULL,NULL,'Final',NULL,'Spain',17.573936545),(25,'Injuries (%)',NULL,NULL,'Final',NULL,'Sweden',6.8791286582),(25,'Injuries (%)',NULL,NULL,'Final',NULL,'United Kingdom',4.5492515071),(25,'Injuries (%)',NULL,NULL,'Final',NULL,'Iceland',8.6258614763),(25,'Injuries (%)',NULL,NULL,'Final',NULL,'Norway',10.7018332),(25,'Others (%)',NULL,NULL,'Final',NULL,'Bulgaria',26.474578061),(25,'Others (%)',NULL,NULL,'Final',NULL,'Croatia',12.542500986),(25,'Others (%)',NULL,NULL,'Final',NULL,'Czech Republic',21.95560095),(25,'Others (%)',NULL,NULL,'Final',NULL,'Estonia',18.16540225),(25,'Others (%)',NULL,NULL,'Final',NULL,'Hungary',32.702667142),(25,'Others (%)',NULL,NULL,'Final',NULL,'Latvia',17.568656484),(25,'Others (%)',NULL,NULL,'Final',NULL,'Lithuania',8.9628868259),(25,'Others (%)',NULL,NULL,'Final',NULL,'Poland',22.396778284),(25,'Others (%)',NULL,NULL,'Final',NULL,'Romania',12.537866734),(25,'Others (%)',NULL,NULL,'Final',NULL,'Slovakia',22.754405161),(25,'Others (%)',NULL,NULL,'Final',NULL,'Austria',38.216425144),(25,'Others (%)',NULL,NULL,'Final',NULL,'Belgium',48.915148575),(25,'Others (%)',NULL,NULL,'Final',NULL,'Cyprus',7.8105815348),(25,'Others (%)',NULL,NULL,'Final',NULL,'Denmark',44.957772643),(25,'Others (%)',NULL,NULL,'Final',NULL,'Finland',44.369130334),(25,'Others (%)',NULL,NULL,'Final',NULL,'France',50.620936054),(25,'Others (%)',NULL,NULL,'Final',NULL,'Germany',44.56620849),(25,'Others (%)',NULL,NULL,'Final',NULL,'Greece',24.722558339),(25,'Others (%)',NULL,NULL,'Final',NULL,'Ireland',26.373497721),(25,'Others (%)',NULL,NULL,'Final',NULL,'Italy',31.367368739),(25,'Others (%)',NULL,NULL,'Final',NULL,'Luxembourg',58.207300782),(25,'Others (%)',NULL,NULL,'Final',NULL,'Malta',24.3217629),(25,'Others (%)',NULL,NULL,'Final',NULL,'Netherlands',42.798987996),(25,'Others (%)',NULL,NULL,'Final',NULL,'Portugal',11.784149196),(25,'Others (%)',NULL,NULL,'Final',NULL,'Slovenia',33.51915524),(25,'Others (%)',NULL,NULL,'Final',NULL,'Spain',25.951296419),(25,'Others (%)',NULL,NULL,'Final',NULL,'Sweden',48.545244753),(25,'Others (%)',NULL,NULL,'Final',NULL,'United Kingdom',45.068005934),(25,'Others (%)',NULL,NULL,'Final',NULL,'Iceland',42.737676974),(25,'Others (%)',NULL,NULL,'Final',NULL,'Norway',45.995158546);
/*!40000 ALTER TABLE `fact_figures` ENABLE KEYS */;
UNLOCK TABLES;

--
-- Table structure for table `fact_figures_denorm`
--

DROP TABLE IF EXISTS `fact_figures_denorm`;
/*!40101 SET @saved_cs_client     = @@character_set_client */;
/*!40101 SET character_set_client = utf8 */;
CREATE TABLE `fact_figures_denorm` (
  `INDICATOR_ID` smallint(6) DEFAULT NULL,
  `SPLIT_1` varchar(255) DEFAULT NULL,
  `SPLIT_2` varchar(255) DEFAULT NULL,
  `SPLIT_3` varchar(255) DEFAULT NULL,
  `STATUS` varchar(255) DEFAULT NULL,
  `GLOBAL_ESTIMATE` double DEFAULT NULL,
  `HIGH` double DEFAULT NULL,
  `AFRO` double DEFAULT NULL,
  `AMRO` double DEFAULT NULL,
  `EMRO` double DEFAULT NULL,
  `EURO` double DEFAULT NULL,
  `SEARO` double DEFAULT NULL,
  `WPRO` double DEFAULT NULL,
  `EU28` double DEFAULT NULL,
  `Bulgaria` double DEFAULT NULL,
  `Croatia` double DEFAULT NULL,
  `Czech Republic` double DEFAULT NULL,
  `Estonia` double DEFAULT NULL,
  `Hungary` double DEFAULT NULL,
  `Latvia` double DEFAULT NULL,
  `Lithuania` double DEFAULT NULL,
  `Poland` double DEFAULT NULL,
  `Romania` double DEFAULT NULL,
  `Slovakia` double DEFAULT NULL,
  `Austria` double DEFAULT NULL,
  `Belgium` double DEFAULT NULL,
  `Cyprus` double DEFAULT NULL,
  `Denmark` double DEFAULT NULL,
  `Finland` double DEFAULT NULL,
  `France` double DEFAULT NULL,
  `Germany` double DEFAULT NULL,
  `Greece` double DEFAULT NULL,
  `Ireland` double DEFAULT NULL,
  `Italy` double DEFAULT NULL,
  `Luxembourg` double DEFAULT NULL,
  `Malta` double DEFAULT NULL,
  `Netherlands` double DEFAULT NULL,
  `Portugal` double DEFAULT NULL,
  `Slovenia` double DEFAULT NULL,
  `Spain` double DEFAULT NULL,
  `Sweden` double DEFAULT NULL,
  `United Kingdom` double DEFAULT NULL,
  `Iceland` double DEFAULT NULL,
  `Norway` double DEFAULT NULL
) ENGINE=InnoDB DEFAULT CHARSET=utf8;
/*!40101 SET character_set_client = @saved_cs_client */;

--
-- Dumping data for table `fact_figures_denorm`
--

LOCK TABLES `fact_figures_denorm` WRITE;
/*!40000 ALTER TABLE `fact_figures_denorm` DISABLE KEYS */;
INSERT INTO `fact_figures_denorm` VALUES (1,'Cost non-fatal cases','$',NULL,'Final',1335.86291747328,NULL,NULL,NULL,NULL,NULL,NULL,NULL,NULL,NULL,NULL,NULL,NULL,NULL,NULL,NULL,NULL,NULL,NULL,NULL,NULL,NULL,NULL,NULL,NULL,NULL,NULL,NULL,NULL,NULL,NULL,NULL,NULL,NULL,NULL,NULL,NULL,NULL,NULL),(1,'Cost fatal cases','$',NULL,'Final',1630.27428495392,NULL,NULL,NULL,NULL,NULL,NULL,NULL,NULL,NULL,NULL,NULL,NULL,NULL,NULL,NULL,NULL,NULL,NULL,NULL,NULL,NULL,NULL,NULL,NULL,NULL,NULL,NULL,NULL,NULL,NULL,NULL,NULL,NULL,NULL,NULL,NULL,NULL,NULL),(1,'Cost non-fatal cases','€',NULL,'Final',1206.85058946001,NULL,NULL,NULL,NULL,NULL,NULL,NULL,NULL,NULL,NULL,NULL,NULL,NULL,NULL,NULL,NULL,NULL,NULL,NULL,NULL,NULL,NULL,NULL,NULL,NULL,NULL,NULL,NULL,NULL,NULL,NULL,NULL,NULL,NULL,NULL,NULL,NULL,NULL),(1,'Cost fatal cases','€',NULL,'Final',1472.82887790579,NULL,NULL,NULL,NULL,NULL,NULL,NULL,NULL,NULL,NULL,NULL,NULL,NULL,NULL,NULL,NULL,NULL,NULL,NULL,NULL,NULL,NULL,NULL,NULL,NULL,NULL,NULL,NULL,NULL,NULL,NULL,NULL,NULL,NULL,NULL,NULL,NULL,NULL),(2,'Cost non-fatal cases','$',NULL,'Final',NULL,NULL,NULL,NULL,NULL,NULL,NULL,NULL,288.596302271186,NULL,NULL,NULL,NULL,NULL,NULL,NULL,NULL,NULL,NULL,NULL,NULL,NULL,NULL,NULL,NULL,NULL,NULL,NULL,NULL,NULL,NULL,NULL,NULL,NULL,NULL,NULL,NULL,NULL,NULL),(2,'Cost fatal cases','$',NULL,'Final',NULL,NULL,NULL,NULL,NULL,NULL,NULL,NULL,239.071014444629,NULL,NULL,NULL,NULL,NULL,NULL,NULL,NULL,NULL,NULL,NULL,NULL,NULL,NULL,NULL,NULL,NULL,NULL,NULL,NULL,NULL,NULL,NULL,NULL,NULL,NULL,NULL,NULL,NULL,NULL),(2,'Cost non-fatal cases','€',NULL,'Final',NULL,NULL,NULL,NULL,NULL,NULL,NULL,NULL,260.113837107874,NULL,NULL,NULL,NULL,NULL,NULL,NULL,NULL,NULL,NULL,NULL,NULL,NULL,NULL,NULL,NULL,NULL,NULL,NULL,NULL,NULL,NULL,NULL,NULL,NULL,NULL,NULL,NULL,NULL,NULL),(2,'Cost fatal cases','€',NULL,'Final',NULL,NULL,NULL,NULL,NULL,NULL,NULL,NULL,215.47635371305,NULL,NULL,NULL,NULL,NULL,NULL,NULL,NULL,NULL,NULL,NULL,NULL,NULL,NULL,NULL,NULL,NULL,NULL,NULL,NULL,NULL,NULL,NULL,NULL,NULL,NULL,NULL,NULL,NULL,NULL),(3,'Fatal work-related illnesses',NULL,NULL,'Final',2403965,NULL,NULL,NULL,NULL,NULL,NULL,NULL,NULL,NULL,NULL,NULL,NULL,NULL,NULL,NULL,NULL,NULL,NULL,NULL,NULL,NULL,NULL,NULL,NULL,NULL,NULL,NULL,NULL,NULL,NULL,NULL,NULL,NULL,NULL,NULL,NULL,NULL,NULL),(3,'Fatal work-related injuries',NULL,NULL,'Final',380500.38074209,NULL,NULL,NULL,NULL,NULL,NULL,NULL,NULL,NULL,NULL,NULL,NULL,NULL,NULL,NULL,NULL,NULL,NULL,NULL,NULL,NULL,NULL,NULL,NULL,NULL,NULL,NULL,NULL,NULL,NULL,NULL,NULL,NULL,NULL,NULL,NULL,NULL,NULL),(4,'Fatal work-related illnesses',NULL,NULL,'Final',NULL,NULL,NULL,NULL,NULL,NULL,NULL,NULL,200209.262844779,NULL,NULL,NULL,NULL,NULL,NULL,NULL,NULL,NULL,NULL,NULL,NULL,NULL,NULL,NULL,NULL,NULL,NULL,NULL,NULL,NULL,NULL,NULL,NULL,NULL,NULL,NULL,NULL,NULL,NULL),(4,'Fatal work-related injuries',NULL,NULL,'Final',NULL,NULL,NULL,NULL,NULL,NULL,NULL,NULL,3757,NULL,NULL,NULL,NULL,NULL,NULL,NULL,NULL,NULL,NULL,NULL,NULL,NULL,NULL,NULL,NULL,NULL,NULL,NULL,NULL,NULL,NULL,NULL,NULL,NULL,NULL,NULL,NULL,NULL,NULL),(5,'Years lived with disability (YLD)-Non fatal injuries and illnesses',NULL,NULL,'Final',55.5177840154875,NULL,NULL,NULL,NULL,NULL,NULL,NULL,NULL,NULL,NULL,NULL,NULL,NULL,NULL,NULL,NULL,NULL,NULL,NULL,NULL,NULL,NULL,NULL,NULL,NULL,NULL,NULL,NULL,NULL,NULL,NULL,NULL,NULL,NULL,NULL,NULL,NULL,NULL),(5,'Years of life lost (YLL)-Fatal illnesses',NULL,NULL,'Final',49.2243931571689,NULL,NULL,NULL,NULL,NULL,NULL,NULL,NULL,NULL,NULL,NULL,NULL,NULL,NULL,NULL,NULL,NULL,NULL,NULL,NULL,NULL,NULL,NULL,NULL,NULL,NULL,NULL,NULL,NULL,NULL,NULL,NULL,NULL,NULL,NULL,NULL,NULL,NULL),(5,'Years of life lost (YLL)-Fatal injuries',NULL,NULL,'Final',18.5289776821602,NULL,NULL,NULL,NULL,NULL,NULL,NULL,NULL,NULL,NULL,NULL,NULL,NULL,NULL,NULL,NULL,NULL,NULL,NULL,NULL,NULL,NULL,NULL,NULL,NULL,NULL,NULL,NULL,NULL,NULL,NULL,NULL,NULL,NULL,NULL,NULL,NULL,NULL),(6,'YLD-Non fatal injuries and illnesses',NULL,NULL,'Final',NULL,NULL,NULL,NULL,NULL,NULL,NULL,NULL,3.68525499980179,NULL,NULL,NULL,NULL,NULL,NULL,NULL,NULL,NULL,NULL,NULL,NULL,NULL,NULL,NULL,NULL,NULL,NULL,NULL,NULL,NULL,NULL,NULL,NULL,NULL,NULL,NULL,NULL,NULL,NULL),(6,'YLL-Fatal illnesses',NULL,NULL,'Final',NULL,NULL,NULL,NULL,NULL,NULL,NULL,NULL,3.25631923117609,NULL,NULL,NULL,NULL,NULL,NULL,NULL,NULL,NULL,NULL,NULL,NULL,NULL,NULL,NULL,NULL,NULL,NULL,NULL,NULL,NULL,NULL,NULL,NULL,NULL,NULL,NULL,NULL,NULL,NULL),(6,'YLL-Fatal injuries',NULL,NULL,'Final',NULL,NULL,NULL,NULL,NULL,NULL,NULL,NULL,0.171323796295034,NULL,NULL,NULL,NULL,NULL,NULL,NULL,NULL,NULL,NULL,NULL,NULL,NULL,NULL,NULL,NULL,NULL,NULL,NULL,NULL,NULL,NULL,NULL,NULL,NULL,NULL,NULL,NULL,NULL,NULL),(7,'Cancer',NULL,NULL,'Not visualised',NULL,NULL,NULL,NULL,NULL,NULL,NULL,NULL,NULL,NULL,NULL,NULL,NULL,NULL,NULL,NULL,NULL,NULL,NULL,NULL,NULL,NULL,NULL,NULL,NULL,NULL,NULL,NULL,NULL,NULL,NULL,NULL,NULL,NULL,NULL,NULL,NULL,NULL,NULL),(7,'MSD',NULL,NULL,'Not visualised',NULL,NULL,NULL,NULL,NULL,NULL,NULL,NULL,NULL,NULL,NULL,NULL,NULL,NULL,NULL,NULL,NULL,NULL,NULL,NULL,NULL,NULL,NULL,NULL,NULL,NULL,NULL,NULL,NULL,NULL,NULL,NULL,NULL,NULL,NULL,NULL,NULL,NULL,NULL),(7,'Circulatory',NULL,NULL,'Not visualised',NULL,NULL,NULL,NULL,NULL,NULL,NULL,NULL,NULL,NULL,NULL,NULL,NULL,NULL,NULL,NULL,NULL,NULL,NULL,NULL,NULL,NULL,NULL,NULL,NULL,NULL,NULL,NULL,NULL,NULL,NULL,NULL,NULL,NULL,NULL,NULL,NULL,NULL,NULL),(7,'Injuries',NULL,NULL,'Not visualised',NULL,NULL,NULL,NULL,NULL,NULL,NULL,NULL,NULL,NULL,NULL,NULL,NULL,NULL,NULL,NULL,NULL,NULL,NULL,NULL,NULL,NULL,NULL,NULL,NULL,NULL,NULL,NULL,NULL,NULL,NULL,NULL,NULL,NULL,NULL,NULL,NULL,NULL,NULL),(7,'Others',NULL,NULL,'Not visualised',NULL,NULL,NULL,NULL,NULL,NULL,NULL,NULL,NULL,NULL,NULL,NULL,NULL,NULL,NULL,NULL,NULL,NULL,NULL,NULL,NULL,NULL,NULL,NULL,NULL,NULL,NULL,NULL,NULL,NULL,NULL,NULL,NULL,NULL,NULL,NULL,NULL,NULL,NULL),(8,'Cancer',NULL,NULL,'Final',NULL,NULL,NULL,NULL,NULL,NULL,NULL,NULL,52.1200398611562,NULL,NULL,NULL,NULL,NULL,NULL,NULL,NULL,NULL,NULL,NULL,NULL,NULL,NULL,NULL,NULL,NULL,NULL,NULL,NULL,NULL,NULL,NULL,NULL,NULL,NULL,NULL,NULL,NULL,NULL),(8,'Circulatory',NULL,NULL,'Final',NULL,NULL,NULL,NULL,NULL,NULL,NULL,NULL,24.2499991978387,NULL,NULL,NULL,NULL,NULL,NULL,NULL,NULL,NULL,NULL,NULL,NULL,NULL,NULL,NULL,NULL,NULL,NULL,NULL,NULL,NULL,NULL,NULL,NULL,NULL,NULL,NULL,NULL,NULL,NULL),(8,'Injuries',NULL,NULL,'Final',NULL,NULL,NULL,NULL,NULL,NULL,NULL,NULL,1.84197128858469,NULL,NULL,NULL,NULL,NULL,NULL,NULL,NULL,NULL,NULL,NULL,NULL,NULL,NULL,NULL,NULL,NULL,NULL,NULL,NULL,NULL,NULL,NULL,NULL,NULL,NULL,NULL,NULL,NULL,NULL),(8,'Others',NULL,NULL,'Final',NULL,NULL,NULL,NULL,NULL,NULL,NULL,NULL,21.7879896524204,NULL,NULL,NULL,NULL,NULL,NULL,NULL,NULL,NULL,NULL,NULL,NULL,NULL,NULL,NULL,NULL,NULL,NULL,NULL,NULL,NULL,NULL,NULL,NULL,NULL,NULL,NULL,NULL,NULL,NULL),(9,'Cancer',NULL,NULL,'Not visualised',NULL,NULL,NULL,NULL,NULL,NULL,NULL,NULL,NULL,NULL,NULL,NULL,NULL,NULL,NULL,NULL,NULL,NULL,NULL,NULL,NULL,NULL,NULL,NULL,NULL,NULL,NULL,NULL,NULL,NULL,NULL,NULL,NULL,NULL,NULL,NULL,NULL,NULL,NULL),(9,'MSD',NULL,NULL,'Not visualised',NULL,NULL,NULL,NULL,NULL,NULL,NULL,NULL,NULL,NULL,NULL,NULL,NULL,NULL,NULL,NULL,NULL,NULL,NULL,NULL,NULL,NULL,NULL,NULL,NULL,NULL,NULL,NULL,NULL,NULL,NULL,NULL,NULL,NULL,NULL,NULL,NULL,NULL,NULL),(9,'Circulatory',NULL,NULL,'Not visualised',NULL,NULL,NULL,NULL,NULL,NULL,NULL,NULL,NULL,NULL,NULL,NULL,NULL,NULL,NULL,NULL,NULL,NULL,NULL,NULL,NULL,NULL,NULL,NULL,NULL,NULL,NULL,NULL,NULL,NULL,NULL,NULL,NULL,NULL,NULL,NULL,NULL,NULL,NULL),(9,'Injuries',NULL,NULL,'Not visualised',NULL,NULL,NULL,NULL,NULL,NULL,NULL,NULL,NULL,NULL,NULL,NULL,NULL,NULL,NULL,NULL,NULL,NULL,NULL,NULL,NULL,NULL,NULL,NULL,NULL,NULL,NULL,NULL,NULL,NULL,NULL,NULL,NULL,NULL,NULL,NULL,NULL,NULL,NULL),(9,'Others',NULL,NULL,'Not visualised',NULL,NULL,NULL,NULL,NULL,NULL,NULL,NULL,NULL,NULL,NULL,NULL,NULL,NULL,NULL,NULL,NULL,NULL,NULL,NULL,NULL,NULL,NULL,NULL,NULL,NULL,NULL,NULL,NULL,NULL,NULL,NULL,NULL,NULL,NULL,NULL,NULL,NULL,NULL),(10,'Cancer',NULL,NULL,'Final',NULL,NULL,NULL,NULL,NULL,NULL,NULL,NULL,25.007022875899036,NULL,NULL,NULL,NULL,NULL,NULL,NULL,NULL,NULL,NULL,NULL,NULL,NULL,NULL,NULL,NULL,NULL,NULL,NULL,NULL,NULL,NULL,NULL,NULL,NULL,NULL,NULL,NULL,NULL,NULL),(10,'MSD',NULL,NULL,'Final',NULL,NULL,NULL,NULL,NULL,NULL,NULL,NULL,14.65894153687529,NULL,NULL,NULL,NULL,NULL,NULL,NULL,NULL,NULL,NULL,NULL,NULL,NULL,NULL,NULL,NULL,NULL,NULL,NULL,NULL,NULL,NULL,NULL,NULL,NULL,NULL,NULL,NULL,NULL,NULL),(10,'Circulatory',NULL,NULL,'Final',NULL,NULL,NULL,NULL,NULL,NULL,NULL,NULL,12.280827673916296,NULL,NULL,NULL,NULL,NULL,NULL,NULL,NULL,NULL,NULL,NULL,NULL,NULL,NULL,NULL,NULL,NULL,NULL,NULL,NULL,NULL,NULL,NULL,NULL,NULL,NULL,NULL,NULL,NULL,NULL),(10,'Injuries',NULL,NULL,'Final',NULL,NULL,NULL,NULL,NULL,NULL,NULL,NULL,11.532628489902036,NULL,NULL,NULL,NULL,NULL,NULL,NULL,NULL,NULL,NULL,NULL,NULL,NULL,NULL,NULL,NULL,NULL,NULL,NULL,NULL,NULL,NULL,NULL,NULL,NULL,NULL,NULL,NULL,NULL,NULL),(10,'Others',NULL,NULL,'Final',NULL,NULL,NULL,NULL,NULL,NULL,NULL,NULL,36.520579423407334,NULL,NULL,NULL,NULL,NULL,NULL,NULL,NULL,NULL,NULL,NULL,NULL,NULL,NULL,NULL,NULL,NULL,NULL,NULL,NULL,NULL,NULL,NULL,NULL,NULL,NULL,NULL,NULL,NULL,NULL),(11,'Fatal work-related illnesses',NULL,NULL,'Final',NULL,89.04838776,61.891674827,49.549897368,81.738324365,102.41110879,89.536109809,66.947702,91.697779040002,NULL,NULL,NULL,NULL,NULL,NULL,NULL,NULL,NULL,NULL,NULL,NULL,NULL,NULL,NULL,NULL,NULL,NULL,NULL,NULL,NULL,NULL,NULL,NULL,NULL,NULL,NULL,NULL,NULL,NULL),(11,'Fatal work-related injuries',NULL,NULL,'Final',NULL,2.2586582866,18.849839109,7.2033510518,13.147570031,6.9347164727,16.301224396,13.800959365,1.72074234207826,NULL,NULL,NULL,NULL,NULL,NULL,NULL,NULL,NULL,NULL,NULL,NULL,NULL,NULL,NULL,NULL,NULL,NULL,NULL,NULL,NULL,NULL,NULL,NULL,NULL,NULL,NULL,NULL,NULL,NULL),(12,'YLL resulting from fatal work-related injuries and illnesses',NULL,NULL,'Final',NULL,1441.8523412,2439.1637983,1263.5506841,2689.9198391,2613.1225796,2774.958553,2003.4884572,1569.89366273593,NULL,NULL,NULL,NULL,NULL,NULL,NULL,NULL,NULL,NULL,NULL,NULL,NULL,NULL,NULL,NULL,NULL,NULL,NULL,NULL,NULL,NULL,NULL,NULL,NULL,NULL,NULL,NULL,NULL,NULL),(13,'YLL-Fatal injuries and illnesses per 100.000 workers',NULL,NULL,'Final',NULL,44.059576772,61.025922407,34.012749813,65.748850183,70.638604805,63.106467243,50.352111405,48.1258795577411,NULL,NULL,NULL,NULL,NULL,NULL,NULL,NULL,NULL,NULL,NULL,NULL,NULL,NULL,NULL,NULL,NULL,NULL,NULL,NULL,NULL,NULL,NULL,NULL,NULL,NULL,NULL,NULL,NULL,NULL),(13,'YLD-non fatal injuries and illnesses per 100.000 workers',NULL,NULL,'Final',NULL,55.940423228,38.974077593,65.987250187,34.251149817,29.361395195,36.893532757,49.647888595,51.8741204422589,NULL,NULL,NULL,NULL,NULL,NULL,NULL,NULL,NULL,NULL,NULL,NULL,NULL,NULL,NULL,NULL,NULL,NULL,NULL,NULL,NULL,NULL,NULL,NULL,NULL,NULL,NULL,NULL,NULL,NULL),(14,'DALY per 100.000 workers',NULL,NULL,'Final',NULL,3272.5061083,3996.9306519,3714.9324622,4091.2043809,3699.2839635,4397.2649306,3978.9561972,3257.77610072224,NULL,NULL,NULL,NULL,NULL,NULL,NULL,NULL,NULL,NULL,NULL,NULL,NULL,NULL,NULL,NULL,NULL,NULL,NULL,NULL,NULL,NULL,NULL,NULL,NULL,NULL,NULL,NULL,NULL,NULL),(15,'Contribution to GDP loss',NULL,NULL,'Final',NULL,3.2725061083,3.9969306519,3.7149324622,4.0912043809,3.6992839635,4.3972649306,3.9789561972,3.25777610072224,NULL,NULL,NULL,NULL,NULL,NULL,NULL,NULL,NULL,NULL,NULL,NULL,NULL,NULL,NULL,NULL,NULL,NULL,NULL,NULL,NULL,NULL,NULL,NULL,NULL,NULL,NULL,NULL,NULL,NULL),(16,NULL,NULL,NULL,'Final',NULL,NULL,NULL,NULL,NULL,NULL,NULL,NULL,1569.89366273593,2619.5781936,1966.9647553,2087.1969199,1939.9955522,2411.9059658,2311.2839948,2148.1597198,2182.3089332,1988.9833322,2333.6463158,1555.0648141,1395.8366414,1436.0978202,1511.7039877,1432.9121549,1529.5393775,1441.6203046,1392.1923737,1507.507028,1350.0954242,1627.9828311,1452.5746385,1357.3288974,1504.3692556,1639.7058061,1518.376986,1367.4309158,1260.5104885,1405.0370169,1434.1108999),(17,NULL,NULL,NULL,'Final',NULL,NULL,NULL,NULL,NULL,NULL,NULL,NULL,1687.88243798631,1035.0788436,1040.2572458,825.57177131,794.89309898,878.2816888,1018.8097943,982.11206001,1045.1993691,1412.5143233,889.99665545,2033.1347983,1796.6079644,1846.235372,1940.4579057,1892.9319033,1973.0328878,1892.4485586,1791.6751478,1962.4440701,1737.0894565,2208.6367898,1250.6961389,1769.4755836,1931.916119,2077.7501811,1978.3785717,1788.4175377,1641.4712483,1855.3336109,1878.6137553),(18,NULL,NULL,NULL,'Final',NULL,NULL,NULL,NULL,NULL,NULL,NULL,NULL,3257.77610072224,3654.6570372,3007.2220011,2912.7686912,2734.8886512,3290.1876546,3330.0937891,3130.2717798,3227.5083022,3401.4976555,3223.6429712,3588.1996124,3192.4446058,3282.3331921,3452.1618934,3325.8440583,3502.5722652,3334.0688632,3183.8675215,3469.9510981,3087.1848807,3836.6196209,2703.2707775,3126.804481,3436.2853747,3717.4559871,3496.7555577,3155.8484535,2901.9817367,3260.3706278,3312.7246552),(19,NULL,NULL,NULL,'Final',NULL,NULL,NULL,NULL,NULL,NULL,NULL,NULL,3.25777610072224,3.6546570372,3.0072220011,2.9127686912,2.7348886512,3.2901876546,3.3300937891,3.1302717798,3.2275083022,3.4014976555,3.2236429712,3.5881996124,3.1924446058,3.2823331921,3.4521618934,3.3258440583,3.5025722652,3.3340688632,3.1838675215,3.4699510981,3.0871848807,3.8366196209,2.7032707775,3.126804481,3.4362853747,3.7174559871,3.4967555577,3.1558484535,2.9019817367,3.2603706278,3.3127246552),(20,NULL,NULL,NULL,'Final',NULL,NULL,NULL,NULL,NULL,NULL,NULL,NULL,0.162833341915057,0.24884842962,0.11596545713,0.15051227229,0.16143478952,0.12561334349,0.30426751866,0.27272195838,0.11479891734,0.23374632583,0.11027923156,0.32879959268,0.12188336372,0.14708009653,0.14976843085,0.078039209873,0.23798250453,0.13010040339,0.082018368817,0.26015449087,0.24076021263,0.44958537325,0.19425561335,0.058932792181,0.3579112094,0.27812113731,0.17256286998,0.088312995624,0.082720024792,0.24253928392,0.24667939318),(21,NULL,NULL,NULL,'Final',NULL,NULL,NULL,NULL,NULL,NULL,NULL,NULL,3.09494275880718,3.4058086076,2.891256544,2.762256419,2.5734538616,3.1645743111,3.0258262704,2.8575498214,3.1127093849,3.1677513296,3.1133637397,3.2594000197,3.0705612421,3.1352530956,3.3023934626,3.2478048484,3.2645897607,3.2039684598,3.1018491527,3.2097966072,2.8464246681,3.3870342476,2.5090151641,3.0678716888,3.0783741653,3.4393348498,3.3241926877,3.0675354579,2.819261712,3.0178313438,3.066045262),(22,'Cancer',NULL,NULL,'Not visualised',NULL,NULL,NULL,NULL,NULL,NULL,NULL,NULL,NULL,NULL,NULL,NULL,NULL,NULL,NULL,NULL,NULL,NULL,NULL,NULL,NULL,NULL,NULL,NULL,NULL,NULL,NULL,NULL,NULL,NULL,NULL,NULL,NULL,NULL,NULL,NULL,NULL,NULL,NULL),(22,'MSD',NULL,NULL,'Not visualised',NULL,NULL,NULL,NULL,NULL,NULL,NULL,NULL,NULL,NULL,NULL,NULL,NULL,NULL,NULL,NULL,NULL,NULL,NULL,NULL,NULL,NULL,NULL,NULL,NULL,NULL,NULL,NULL,NULL,NULL,NULL,NULL,NULL,NULL,NULL,NULL,NULL,NULL,NULL),(22,'Circulatory',NULL,NULL,'Not visualised',NULL,NULL,NULL,NULL,NULL,NULL,NULL,NULL,NULL,NULL,NULL,NULL,NULL,NULL,NULL,NULL,NULL,NULL,NULL,NULL,NULL,NULL,NULL,NULL,NULL,NULL,NULL,NULL,NULL,NULL,NULL,NULL,NULL,NULL,NULL,NULL,NULL,NULL,NULL),(22,'Injuries',NULL,NULL,'Not visualised',NULL,NULL,NULL,NULL,NULL,NULL,NULL,NULL,NULL,NULL,NULL,NULL,NULL,NULL,NULL,NULL,NULL,NULL,NULL,NULL,NULL,NULL,NULL,NULL,NULL,NULL,NULL,NULL,NULL,NULL,NULL,NULL,NULL,NULL,NULL,NULL,NULL,NULL,NULL),(22,'Others',NULL,NULL,'Not visualised',NULL,NULL,NULL,NULL,NULL,NULL,NULL,NULL,NULL,NULL,NULL,NULL,NULL,NULL,NULL,NULL,NULL,NULL,NULL,NULL,NULL,NULL,NULL,NULL,NULL,NULL,NULL,NULL,NULL,NULL,NULL,NULL,NULL,NULL,NULL,NULL,NULL,NULL,NULL),(23,'Cancer',NULL,NULL,'Not visualised',NULL,NULL,NULL,NULL,NULL,NULL,NULL,NULL,NULL,NULL,NULL,NULL,NULL,NULL,NULL,NULL,NULL,NULL,NULL,NULL,NULL,NULL,NULL,NULL,NULL,NULL,NULL,NULL,NULL,NULL,NULL,NULL,NULL,NULL,NULL,NULL,NULL,NULL,NULL),(23,'MSD',NULL,NULL,'Not visualised',NULL,NULL,NULL,NULL,NULL,NULL,NULL,NULL,NULL,NULL,NULL,NULL,NULL,NULL,NULL,NULL,NULL,NULL,NULL,NULL,NULL,NULL,NULL,NULL,NULL,NULL,NULL,NULL,NULL,NULL,NULL,NULL,NULL,NULL,NULL,NULL,NULL,NULL,NULL),(23,'Circulatory',NULL,NULL,'Not visualised',NULL,NULL,NULL,NULL,NULL,NULL,NULL,NULL,NULL,NULL,NULL,NULL,NULL,NULL,NULL,NULL,NULL,NULL,NULL,NULL,NULL,NULL,NULL,NULL,NULL,NULL,NULL,NULL,NULL,NULL,NULL,NULL,NULL,NULL,NULL,NULL,NULL,NULL,NULL),(23,'Injuries',NULL,NULL,'Not visualised',NULL,NULL,NULL,NULL,NULL,NULL,NULL,NULL,NULL,NULL,NULL,NULL,NULL,NULL,NULL,NULL,NULL,NULL,NULL,NULL,NULL,NULL,NULL,NULL,NULL,NULL,NULL,NULL,NULL,NULL,NULL,NULL,NULL,NULL,NULL,NULL,NULL,NULL,NULL),(23,'Others',NULL,NULL,'Not visualised',NULL,NULL,NULL,NULL,NULL,NULL,NULL,NULL,NULL,NULL,NULL,NULL,NULL,NULL,NULL,NULL,NULL,NULL,NULL,NULL,NULL,NULL,NULL,NULL,NULL,NULL,NULL,NULL,NULL,NULL,NULL,NULL,NULL,NULL,NULL,NULL,NULL,NULL,NULL),(24,'Cancer','YLL per 100.000 workers',NULL,'Not visualised',NULL,NULL,NULL,NULL,NULL,NULL,NULL,NULL,NULL,NULL,NULL,NULL,NULL,NULL,NULL,NULL,NULL,NULL,NULL,NULL,NULL,NULL,NULL,NULL,NULL,NULL,NULL,NULL,NULL,NULL,NULL,NULL,NULL,NULL,NULL,NULL,NULL,NULL,NULL),(24,'Cancer','YLD per 100.000 workers',NULL,'Not visualised',NULL,NULL,NULL,NULL,NULL,NULL,NULL,NULL,NULL,NULL,NULL,NULL,NULL,NULL,NULL,NULL,NULL,NULL,NULL,NULL,NULL,NULL,NULL,NULL,NULL,NULL,NULL,NULL,NULL,NULL,NULL,NULL,NULL,NULL,NULL,NULL,NULL,NULL,NULL),(24,'MSD','YLL per 100.000 workers',NULL,'Not visualised',NULL,NULL,NULL,NULL,NULL,NULL,NULL,NULL,NULL,NULL,NULL,NULL,NULL,NULL,NULL,NULL,NULL,NULL,NULL,NULL,NULL,NULL,NULL,NULL,NULL,NULL,NULL,NULL,NULL,NULL,NULL,NULL,NULL,NULL,NULL,NULL,NULL,NULL,NULL),(24,'MSD','YLD per 100.000 workers',NULL,'Not visualised',NULL,NULL,NULL,NULL,NULL,NULL,NULL,NULL,NULL,NULL,NULL,NULL,NULL,NULL,NULL,NULL,NULL,NULL,NULL,NULL,NULL,NULL,NULL,NULL,NULL,NULL,NULL,NULL,NULL,NULL,NULL,NULL,NULL,NULL,NULL,NULL,NULL,NULL,NULL),(24,'Circulatory','YLL per 100.000 workers',NULL,'Not visualised',NULL,NULL,NULL,NULL,NULL,NULL,NULL,NULL,NULL,NULL,NULL,NULL,NULL,NULL,NULL,NULL,NULL,NULL,NULL,NULL,NULL,NULL,NULL,NULL,NULL,NULL,NULL,NULL,NULL,NULL,NULL,NULL,NULL,NULL,NULL,NULL,NULL,NULL,NULL),(24,'Circulatory','YLD per 100.000 workers',NULL,'Not visualised',NULL,NULL,NULL,NULL,NULL,NULL,NULL,NULL,NULL,NULL,NULL,NULL,NULL,NULL,NULL,NULL,NULL,NULL,NULL,NULL,NULL,NULL,NULL,NULL,NULL,NULL,NULL,NULL,NULL,NULL,NULL,NULL,NULL,NULL,NULL,NULL,NULL,NULL,NULL),(25,'Cancer',NULL,NULL,'Final',NULL,NULL,NULL,NULL,NULL,NULL,NULL,NULL,814.6728147531821,1200.4169985,1067.9089056,913.45570499,889.49627728,1007.7732573,1179.5559015,1080.2087348,1047.3183248,1219.2303752,1115.3843192,789.58272055,707.17284087,884.3012694,775.91704749,751.40935708,776.50363839,711.31747121,735.55279562,847.88692186,710.70026506,727.91123031,706.39405682,715.61590958,1010.5776838,938.4664152,974.00568244,700.71747329,641.70597723,741.57686599,688.10370777),(25,'MSD',NULL,NULL,'Final',NULL,NULL,NULL,NULL,NULL,NULL,NULL,NULL,477.5554940071686,517.48892533,517.48892533,517.48892533,517.48892533,517.48892533,517.48892533,517.48892533,517.48892533,517.48892533,517.48892533,426.23477648,435.66310925,593.31403364,451.52573597,416.34766263,371.93507448,510.69859774,774.54329506,424.97831653,439.66210181,381.61644951,368.94331315,422.84321463,840.61362374,592.02792626,524.31308449,381.25102156,432.44813724,463.90765766,403.30046448),(25,'Circulatory',NULL,NULL,'Final',NULL,NULL,NULL,NULL,NULL,NULL,NULL,NULL,400.081868931728,454.01356881,474.69158955,402.13566334,411.53294732,418.63704936,533.37083741,512.26303382,475.8274628,480.16222115,490.11275576,352.85092878,370.13925049,689.31009325,384.95766277,387.82080245,369.64421318,352.91669477,522.00443837,444.69355361,350.51034485,374.36474833,374.63816361,407.58806577,436.62565026,420.82385828,476.46578809,324.77072749,387.94387307,380.24438311,343.10525865),(25,'Injuries',NULL,NULL,'Final',NULL,NULL,NULL,NULL,NULL,NULL,NULL,NULL,375.70721472911265,515.18251438,569.95173158,440.17252714,419.56697666,270.30930556,514.62538641,739.7483689,464.01571079,758.14089082,367.13618827,648.24956772,117.8803831,859.03848564,287.74635187,294.61815118,211.45447256,273.2680187,364.63348704,837.2448323,617.94350382,119.53447013,595.81213484,242.51661654,743.53142152,520.07794409,614.51760284,217.09487537,132.0184479,281.23505397,354.52226697),(25,'Others',NULL,NULL,'Final',NULL,NULL,NULL,NULL,NULL,NULL,NULL,NULL,1189.758708301048,967.55503017,377.18084913,639.51587045,496.80352456,1075.979117,585.05273839,280.56271696,722.85787856,426.47524301,733.52078262,1371.2816189,1561.5890221,256.36931022,1552.0150953,1475.6480849,1773.0348666,1485.8680808,787.13350544,915.14747377,968.36866517,2233.1927226,657.48310904,1338.2406745,404.93699534,1246.0598433,907.45339981,1532.0143558,1307.8653013,1393.406667,1523.6929573),(26,'All',NULL,NULL,'Final',NULL,NULL,NULL,NULL,NULL,NULL,NULL,NULL,3257.77610072224,3654.6570372,3007.2220011,2912.7686912,2734.8886512,3290.1876546,3330.0937891,3130.2717798,3227.5083022,3401.4976555,3223.6429712,3588.1996124,3192.4446058,3282.3331921,3452.1618934,3325.8440583,3502.5722652,3334.0688632,3183.8675215,3469.9510981,3087.1848807,3836.6196209,2703.2707775,3126.804481,3436.2853747,3717.4559871,3496.7555577,3155.8484535,2901.9817367,3260.3706278,3312.7246552),(26,'Cancer',NULL,NULL,'Final',NULL,NULL,NULL,NULL,NULL,NULL,NULL,NULL,814.672814753182,1200.4169985,1067.9089056,913.45570499,889.49627728,1007.7732573,1179.5559015,1080.2087348,1047.3183248,1219.2303752,1115.3843192,789.58272055,707.17284087,884.3012694,775.91704749,751.40935708,776.50363839,711.31747121,735.55279562,847.88692186,710.70026506,727.91123031,706.39405682,715.61590958,1010.5776838,938.4664152,974.00568244,700.71747329,641.70597723,741.57686599,688.10370777),(26,'MSD',NULL,NULL,'Final',NULL,NULL,NULL,NULL,NULL,NULL,NULL,NULL,477.555494007169,517.48892533,517.48892533,517.48892533,517.48892533,517.48892533,517.48892533,517.48892533,517.48892533,517.48892533,517.48892533,426.23477648,435.66310925,593.31403364,451.52573597,416.34766263,371.93507448,510.69859774,774.54329506,424.97831653,439.66210181,381.61644951,368.94331315,422.84321463,840.61362374,592.02792626,524.31308449,381.25102156,432.44813724,463.90765766,403.30046448),(26,'Circulatory',NULL,NULL,'Final',NULL,NULL,NULL,NULL,NULL,NULL,NULL,NULL,400.081868931728,454.01356881,474.69158955,402.13566334,411.53294732,418.63704936,533.37083741,512.26303382,475.8274628,480.16222115,490.11275576,352.85092878,370.13925049,689.31009325,384.95766277,387.82080245,369.64421318,352.91669477,522.00443837,444.69355361,350.51034485,374.36474833,374.63816361,407.58806577,436.62565026,420.82385828,476.46578809,324.77072749,387.94387307,380.24438311,343.10525865),(27,'Cancer','Sector','All','Not visualised',NULL,NULL,NULL,NULL,NULL,NULL,NULL,NULL,NULL,NULL,NULL,NULL,NULL,NULL,NULL,NULL,NULL,NULL,NULL,NULL,NULL,NULL,NULL,NULL,NULL,NULL,NULL,NULL,NULL,NULL,NULL,NULL,NULL,NULL,NULL,NULL,NULL,NULL,NULL),(27,'Cancer','Sector','Agriculture','Not visualised',NULL,NULL,NULL,NULL,NULL,NULL,NULL,NULL,NULL,NULL,NULL,NULL,NULL,NULL,NULL,NULL,NULL,NULL,NULL,NULL,NULL,NULL,NULL,NULL,NULL,NULL,NULL,NULL,NULL,NULL,NULL,NULL,NULL,NULL,NULL,NULL,NULL,NULL,NULL),(27,'Cancer','Sector','Industry','Not visualised',NULL,NULL,NULL,NULL,NULL,NULL,NULL,NULL,NULL,NULL,NULL,NULL,NULL,NULL,NULL,NULL,NULL,NULL,NULL,NULL,NULL,NULL,NULL,NULL,NULL,NULL,NULL,NULL,NULL,NULL,NULL,NULL,NULL,NULL,NULL,NULL,NULL,NULL,NULL),(27,'Cancer','Sector','Services','Not visualised',NULL,NULL,NULL,NULL,NULL,NULL,NULL,NULL,NULL,NULL,NULL,NULL,NULL,NULL,NULL,NULL,NULL,NULL,NULL,NULL,NULL,NULL,NULL,NULL,NULL,NULL,NULL,NULL,NULL,NULL,NULL,NULL,NULL,NULL,NULL,NULL,NULL,NULL,NULL),(27,'Cancer','Age','All','Not visualised',NULL,NULL,NULL,NULL,NULL,NULL,NULL,NULL,NULL,NULL,NULL,NULL,NULL,NULL,NULL,NULL,NULL,NULL,NULL,NULL,NULL,NULL,NULL,NULL,NULL,NULL,NULL,NULL,NULL,NULL,NULL,NULL,NULL,NULL,NULL,NULL,NULL,NULL,NULL),(27,'Cancer','Age','15-49','Not visualised',NULL,NULL,NULL,NULL,NULL,NULL,NULL,NULL,NULL,NULL,NULL,NULL,NULL,NULL,NULL,NULL,NULL,NULL,NULL,NULL,NULL,NULL,NULL,NULL,NULL,NULL,NULL,NULL,NULL,NULL,NULL,NULL,NULL,NULL,NULL,NULL,NULL,NULL,NULL),(27,'Cancer','Age','50-69','Not visualised',NULL,NULL,NULL,NULL,NULL,NULL,NULL,NULL,NULL,NULL,NULL,NULL,NULL,NULL,NULL,NULL,NULL,NULL,NULL,NULL,NULL,NULL,NULL,NULL,NULL,NULL,NULL,NULL,NULL,NULL,NULL,NULL,NULL,NULL,NULL,NULL,NULL,NULL,NULL),(27,'Cancer','Age','+70','Not visualised',NULL,NULL,NULL,NULL,NULL,NULL,NULL,NULL,NULL,NULL,NULL,NULL,NULL,NULL,NULL,NULL,NULL,NULL,NULL,NULL,NULL,NULL,NULL,NULL,NULL,NULL,NULL,NULL,NULL,NULL,NULL,NULL,NULL,NULL,NULL,NULL,NULL,NULL,NULL),(27,'Cancer','Gender','All','Not visualised',NULL,NULL,NULL,NULL,NULL,NULL,NULL,NULL,NULL,NULL,NULL,NULL,NULL,NULL,NULL,NULL,NULL,NULL,NULL,NULL,NULL,NULL,NULL,NULL,NULL,NULL,NULL,NULL,NULL,NULL,NULL,NULL,NULL,NULL,NULL,NULL,NULL,NULL,NULL),(27,'Cancer','Gender','Male','Not visualised',NULL,NULL,NULL,NULL,NULL,NULL,NULL,NULL,NULL,NULL,NULL,NULL,NULL,NULL,NULL,NULL,NULL,NULL,NULL,NULL,NULL,NULL,NULL,NULL,NULL,NULL,NULL,NULL,NULL,NULL,NULL,NULL,NULL,NULL,NULL,NULL,NULL,NULL,NULL),(27,'Cancer','Gender','Female','Not visualised',NULL,NULL,NULL,NULL,NULL,NULL,NULL,NULL,NULL,NULL,NULL,NULL,NULL,NULL,NULL,NULL,NULL,NULL,NULL,NULL,NULL,NULL,NULL,NULL,NULL,NULL,NULL,NULL,NULL,NULL,NULL,NULL,NULL,NULL,NULL,NULL,NULL,NULL,NULL),(27,'MSD','Sector','All','Not visualised',NULL,NULL,NULL,NULL,NULL,NULL,NULL,NULL,NULL,NULL,NULL,NULL,NULL,NULL,NULL,NULL,NULL,NULL,NULL,NULL,NULL,NULL,NULL,NULL,NULL,NULL,NULL,NULL,NULL,NULL,NULL,NULL,NULL,NULL,NULL,NULL,NULL,NULL,NULL),(27,'MSD','Sector','Agriculture','Not visualised',NULL,NULL,NULL,NULL,NULL,NULL,NULL,NULL,NULL,NULL,NULL,NULL,NULL,NULL,NULL,NULL,NULL,NULL,NULL,NULL,NULL,NULL,NULL,NULL,NULL,NULL,NULL,NULL,NULL,NULL,NULL,NULL,NULL,NULL,NULL,NULL,NULL,NULL,NULL),(27,'MSD','Sector','Industry','Not visualised',NULL,NULL,NULL,NULL,NULL,NULL,NULL,NULL,NULL,NULL,NULL,NULL,NULL,NULL,NULL,NULL,NULL,NULL,NULL,NULL,NULL,NULL,NULL,NULL,NULL,NULL,NULL,NULL,NULL,NULL,NULL,NULL,NULL,NULL,NULL,NULL,NULL,NULL,NULL),(27,'MSD','Sector','Services','Not visualised',NULL,NULL,NULL,NULL,NULL,NULL,NULL,NULL,NULL,NULL,NULL,NULL,NULL,NULL,NULL,NULL,NULL,NULL,NULL,NULL,NULL,NULL,NULL,NULL,NULL,NULL,NULL,NULL,NULL,NULL,NULL,NULL,NULL,NULL,NULL,NULL,NULL,NULL,NULL),(27,'MSD','Age','All','Not visualised',NULL,NULL,NULL,NULL,NULL,NULL,NULL,NULL,NULL,NULL,NULL,NULL,NULL,NULL,NULL,NULL,NULL,NULL,NULL,NULL,NULL,NULL,NULL,NULL,NULL,NULL,NULL,NULL,NULL,NULL,NULL,NULL,NULL,NULL,NULL,NULL,NULL,NULL,NULL),(27,'MSD','Age','15-49','Not visualised',NULL,NULL,NULL,NULL,NULL,NULL,NULL,NULL,NULL,NULL,NULL,NULL,NULL,NULL,NULL,NULL,NULL,NULL,NULL,NULL,NULL,NULL,NULL,NULL,NULL,NULL,NULL,NULL,NULL,NULL,NULL,NULL,NULL,NULL,NULL,NULL,NULL,NULL,NULL),(27,'MSD','Age','50-69','Not visualised',NULL,NULL,NULL,NULL,NULL,NULL,NULL,NULL,NULL,NULL,NULL,NULL,NULL,NULL,NULL,NULL,NULL,NULL,NULL,NULL,NULL,NULL,NULL,NULL,NULL,NULL,NULL,NULL,NULL,NULL,NULL,NULL,NULL,NULL,NULL,NULL,NULL,NULL,NULL),(27,'MSD','Age','+70','Not visualised',NULL,NULL,NULL,NULL,NULL,NULL,NULL,NULL,NULL,NULL,NULL,NULL,NULL,NULL,NULL,NULL,NULL,NULL,NULL,NULL,NULL,NULL,NULL,NULL,NULL,NULL,NULL,NULL,NULL,NULL,NULL,NULL,NULL,NULL,NULL,NULL,NULL,NULL,NULL),(27,'MSD','Gender','All','Not visualised',NULL,NULL,NULL,NULL,NULL,NULL,NULL,NULL,NULL,NULL,NULL,NULL,NULL,NULL,NULL,NULL,NULL,NULL,NULL,NULL,NULL,NULL,NULL,NULL,NULL,NULL,NULL,NULL,NULL,NULL,NULL,NULL,NULL,NULL,NULL,NULL,NULL,NULL,NULL),(27,'MSD','Gender','Male','Not visualised',NULL,NULL,NULL,NULL,NULL,NULL,NULL,NULL,NULL,NULL,NULL,NULL,NULL,NULL,NULL,NULL,NULL,NULL,NULL,NULL,NULL,NULL,NULL,NULL,NULL,NULL,NULL,NULL,NULL,NULL,NULL,NULL,NULL,NULL,NULL,NULL,NULL,NULL,NULL),(27,'MSD','Gender','Female','Not visualised',NULL,NULL,NULL,NULL,NULL,NULL,NULL,NULL,NULL,NULL,NULL,NULL,NULL,NULL,NULL,NULL,NULL,NULL,NULL,NULL,NULL,NULL,NULL,NULL,NULL,NULL,NULL,NULL,NULL,NULL,NULL,NULL,NULL,NULL,NULL,NULL,NULL,NULL,NULL),(27,'Circulatory','Sector','All','Not visualised',NULL,NULL,NULL,NULL,NULL,NULL,NULL,NULL,NULL,NULL,NULL,NULL,NULL,NULL,NULL,NULL,NULL,NULL,NULL,NULL,NULL,NULL,NULL,NULL,NULL,NULL,NULL,NULL,NULL,NULL,NULL,NULL,NULL,NULL,NULL,NULL,NULL,NULL,NULL),(27,'Circulatory','Sector','Agriculture','Not visualised',NULL,NULL,NULL,NULL,NULL,NULL,NULL,NULL,NULL,NULL,NULL,NULL,NULL,NULL,NULL,NULL,NULL,NULL,NULL,NULL,NULL,NULL,NULL,NULL,NULL,NULL,NULL,NULL,NULL,NULL,NULL,NULL,NULL,NULL,NULL,NULL,NULL,NULL,NULL),(27,'Circulatory','Sector','Industry','Not visualised',NULL,NULL,NULL,NULL,NULL,NULL,NULL,NULL,NULL,NULL,NULL,NULL,NULL,NULL,NULL,NULL,NULL,NULL,NULL,NULL,NULL,NULL,NULL,NULL,NULL,NULL,NULL,NULL,NULL,NULL,NULL,NULL,NULL,NULL,NULL,NULL,NULL,NULL,NULL),(27,'Circulatory','Sector','Services','Not visualised',NULL,NULL,NULL,NULL,NULL,NULL,NULL,NULL,NULL,NULL,NULL,NULL,NULL,NULL,NULL,NULL,NULL,NULL,NULL,NULL,NULL,NULL,NULL,NULL,NULL,NULL,NULL,NULL,NULL,NULL,NULL,NULL,NULL,NULL,NULL,NULL,NULL,NULL,NULL),(27,'Circulatory','Age','All','Not visualised',NULL,NULL,NULL,NULL,NULL,NULL,NULL,NULL,NULL,NULL,NULL,NULL,NULL,NULL,NULL,NULL,NULL,NULL,NULL,NULL,NULL,NULL,NULL,NULL,NULL,NULL,NULL,NULL,NULL,NULL,NULL,NULL,NULL,NULL,NULL,NULL,NULL,NULL,NULL),(27,'Circulatory','Age','15-49','Not visualised',NULL,NULL,NULL,NULL,NULL,NULL,NULL,NULL,NULL,NULL,NULL,NULL,NULL,NULL,NULL,NULL,NULL,NULL,NULL,NULL,NULL,NULL,NULL,NULL,NULL,NULL,NULL,NULL,NULL,NULL,NULL,NULL,NULL,NULL,NULL,NULL,NULL,NULL,NULL),(27,'Circulatory','Age','50-69','Not visualised',NULL,NULL,NULL,NULL,NULL,NULL,NULL,NULL,NULL,NULL,NULL,NULL,NULL,NULL,NULL,NULL,NULL,NULL,NULL,NULL,NULL,NULL,NULL,NULL,NULL,NULL,NULL,NULL,NULL,NULL,NULL,NULL,NULL,NULL,NULL,NULL,NULL,NULL,NULL),(27,'Circulatory','Age','+70','Not visualised',NULL,NULL,NULL,NULL,NULL,NULL,NULL,NULL,NULL,NULL,NULL,NULL,NULL,NULL,NULL,NULL,NULL,NULL,NULL,NULL,NULL,NULL,NULL,NULL,NULL,NULL,NULL,NULL,NULL,NULL,NULL,NULL,NULL,NULL,NULL,NULL,NULL,NULL,NULL),(27,'Circulatory','Gender','All','Not visualised',NULL,NULL,NULL,NULL,NULL,NULL,NULL,NULL,NULL,NULL,NULL,NULL,NULL,NULL,NULL,NULL,NULL,NULL,NULL,NULL,NULL,NULL,NULL,NULL,NULL,NULL,NULL,NULL,NULL,NULL,NULL,NULL,NULL,NULL,NULL,NULL,NULL,NULL,NULL),(27,'Circulatory','Gender','Male','Not visualised',NULL,NULL,NULL,NULL,NULL,NULL,NULL,NULL,NULL,NULL,NULL,NULL,NULL,NULL,NULL,NULL,NULL,NULL,NULL,NULL,NULL,NULL,NULL,NULL,NULL,NULL,NULL,NULL,NULL,NULL,NULL,NULL,NULL,NULL,NULL,NULL,NULL,NULL,NULL),(27,'Circulatory','Gender','Female','Not visualised',NULL,NULL,NULL,NULL,NULL,NULL,NULL,NULL,NULL,NULL,NULL,NULL,NULL,NULL,NULL,NULL,NULL,NULL,NULL,NULL,NULL,NULL,NULL,NULL,NULL,NULL,NULL,NULL,NULL,NULL,NULL,NULL,NULL,NULL,NULL,NULL,NULL,NULL,NULL),(25,'Cancer (%)',NULL,NULL,'Final',NULL,NULL,NULL,NULL,NULL,NULL,NULL,NULL,25.007022875899036,32.846228423,35.511475546,31.360392871,32.524039942,30.629658947,35.421101513,34.508464784,32.449748434,35.843928136,34.600119467,22.004983162,22.1514522,26.941240198,22.476264771,22.593042365,22.169525126,21.334816418,23.102493764,24.435125969,23.020981655,18.972723445,26.13108767,22.886493669,29.409015073,25.244856118,27.854554497,22.203774472,22.112681452,22.745170739,20.771533387),(25,'MSD (%)',NULL,NULL,'Final',NULL,NULL,NULL,NULL,NULL,NULL,NULL,NULL,14.65894153687529,14.15971239,17.208204952,17.766221083,18.921754826,15.728249561,15.539770292,16.53175704,16.033697728,15.213561135,16.052923042,11.878792222,13.646692834,18.075984335,13.079506405,12.518556353,10.618912225,15.317577971,24.327120705,12.247386332,14.241521606,9.9466845094,13.648033938,13.523174129,24.462858351,15.925620325,14.994273287,12.080777236,14.901821461,14.228678596,12.174282696),(25,'Circulatory (%)',NULL,NULL,'Final',NULL,NULL,NULL,NULL,NULL,NULL,NULL,NULL,12.280827673916296,12.422877556,15.785053094,13.805959414,15.047521118,12.723804637,16.016691156,16.364810146,14.742873395,14.116200268,15.203692225,9.8336482607,11.59422625,21.000613067,11.15120538,11.660823408,10.553507114,10.585165132,16.395293926,12.815556791,11.35372057,9.757671735,13.858699126,13.035291086,12.706326823,11.320210911,13.625939252,10.291074882,13.368239646,11.662612216,10.357192171),(25,'Injuries (%)',NULL,NULL,'Final',NULL,NULL,NULL,NULL,NULL,NULL,NULL,NULL,11.532628489902036,14.09660357,18.952765421,15.111825682,15.341281865,8.2156197134,15.453780554,23.632081204,14.376902159,22.288443727,11.388860105,18.066151211,3.6924801415,26.171580865,8.3352508009,8.8584475405,6.0371194809,8.196231989,11.452533266,24.128433186,20.016407429,3.1156195282,22.040416366,7.756053121,21.637650557,13.990157406,17.573936545,6.8791286582,4.5492515071,8.6258614763,10.7018332),(25,'Others (%)',NULL,NULL,'Final',NULL,NULL,NULL,NULL,NULL,NULL,NULL,NULL,36.520579423407334,26.474578061,12.542500986,21.95560095,18.16540225,32.702667142,17.568656484,8.9628868259,22.396778284,12.537866734,22.754405161,38.216425144,48.915148575,7.8105815348,44.957772643,44.369130334,50.620936054,44.56620849,24.722558339,26.373497721,31.367368739,58.207300782,24.3217629,42.798987996,11.784149196,33.51915524,25.951296419,48.545244753,45.068005934,42.737676974,45.995158546),(28,'Cancer',NULL,NULL,'Final',486.7568901143324,717.87978477,257.72104793,388.69393077,441.5827994,720.25001699,341.62453216,559.12701563,814.6728147531821,NULL,NULL,NULL,NULL,NULL,NULL,NULL,NULL,NULL,NULL,NULL,NULL,NULL,NULL,NULL,NULL,NULL,NULL,NULL,NULL,NULL,NULL,NULL,NULL,NULL,NULL,NULL,NULL,NULL,NULL),(28,'MSD',NULL,NULL,'Final',589.3808288259982,381.16855056,618.13624829,457.45604552,759.91869583,581.49835297,757.26496609,557.31007128,477.5554940071686,NULL,NULL,NULL,NULL,NULL,NULL,NULL,NULL,NULL,NULL,NULL,NULL,NULL,NULL,NULL,NULL,NULL,NULL,NULL,NULL,NULL,NULL,NULL,NULL,NULL,NULL,NULL,NULL,NULL,NULL),(28,'Circulatory',NULL,NULL,'Final',677.9451415057181,421.04418844,504.93736008,438.54423958,867.99502511,1264.3139971,912.16890205,587.33926747,400.081868931728,NULL,NULL,NULL,NULL,NULL,NULL,NULL,NULL,NULL,NULL,NULL,NULL,NULL,NULL,NULL,NULL,NULL,NULL,NULL,NULL,NULL,NULL,NULL,NULL,NULL,NULL,NULL,NULL,NULL,NULL),(28,'Injuries',NULL,NULL,'Final',429.1837436868399,264.33543978,543.67077692,668.25079395,658.62204516,597.81803007,475.22569767,284.25438416,375.70721472911265,NULL,NULL,NULL,NULL,NULL,NULL,NULL,NULL,NULL,NULL,NULL,NULL,NULL,NULL,NULL,NULL,NULL,NULL,NULL,NULL,NULL,NULL,NULL,NULL,NULL,NULL,NULL,NULL,NULL,NULL),(28,'Others',NULL,NULL,'Final',1756.9752616296048,1488.0781448,2072.4652187,1761.9874524,1363.0858154,535.40356633,1910.9808326,1990.9254587,1189.758708301048,NULL,NULL,NULL,NULL,NULL,NULL,NULL,NULL,NULL,NULL,NULL,NULL,NULL,NULL,NULL,NULL,NULL,NULL,NULL,NULL,NULL,NULL,NULL,NULL,NULL,NULL,NULL,NULL,NULL,NULL),(28,'Cancer (%)',NULL,NULL,'Final',12.353477443703522,21.936698084,6.4479739674,10.463014731,10.793467114,19.469984573,7.7690231895,14.052102811,25.007022875899036,NULL,NULL,NULL,NULL,NULL,NULL,NULL,NULL,NULL,NULL,NULL,NULL,NULL,NULL,NULL,NULL,NULL,NULL,NULL,NULL,NULL,NULL,NULL,NULL,NULL,NULL,NULL,NULL,NULL,NULL),(28,'MSD (%)',NULL,NULL,'Final',14.957986055303854,11.647603945,15.465273284,12.313980137,18.574449602,15.719213737,17.221272269,14.006438967,14.65894153687529,NULL,NULL,NULL,NULL,NULL,NULL,NULL,NULL,NULL,NULL,NULL,NULL,NULL,NULL,NULL,NULL,NULL,NULL,NULL,NULL,NULL,NULL,NULL,NULL,NULL,NULL,NULL,NULL,NULL,NULL),(28,'Circulatory (%)',NULL,NULL,'Final',17.205673270885008,12.866108557,12.633127869,11.804904774,21.216124747,34.17726267,20.744006023,14.761139313,12.280827673916296,NULL,NULL,NULL,NULL,NULL,NULL,NULL,NULL,NULL,NULL,NULL,NULL,NULL,NULL,NULL,NULL,NULL,NULL,NULL,NULL,NULL,NULL,NULL,NULL,NULL,NULL,NULL,NULL,NULL,NULL),(28,'Injuries (%)',NULL,NULL,'Final',10.89231976889791,8.0774620743,13.6022069,17.988235338,16.098487972,16.160371466,10.807301929,7.1439435387,11.532628489902036,NULL,NULL,NULL,NULL,NULL,NULL,NULL,NULL,NULL,NULL,NULL,NULL,NULL,NULL,NULL,NULL,NULL,NULL,NULL,NULL,NULL,NULL,NULL,NULL,NULL,NULL,NULL,NULL,NULL,NULL),(28,'Others (%)',NULL,NULL,'Final',44.590543461209705,45.47212734,51.85141798,47.42986502,33.317470566,14.473167554,43.458396589,50.036375371,36.520579423407334,NULL,NULL,NULL,NULL,NULL,NULL,NULL,NULL,NULL,NULL,NULL,NULL,NULL,NULL,NULL,NULL,NULL,NULL,NULL,NULL,NULL,NULL,NULL,NULL,NULL,NULL,NULL,NULL,NULL,NULL);
/*!40000 ALTER TABLE `fact_figures_denorm` ENABLE KEYS */;
UNLOCK TABLES;

--
-- Table structure for table `glossary`
--

DROP TABLE IF EXISTS `glossary`;
/*!40101 SET @saved_cs_client     = @@character_set_client */;
/*!40101 SET character_set_client = utf8 */;
CREATE TABLE `glossary` (
  `TERM_ID` double DEFAULT NULL,
  `TERM_NAME` varchar(255) DEFAULT NULL,
  `DESCRIPTION` mediumtext
) ENGINE=InnoDB DEFAULT CHARSET=utf8;
/*!40101 SET character_set_client = @saved_cs_client */;

--
-- Dumping data for table `glossary`
--

LOCK TABLES `glossary` WRITE;
/*!40000 ALTER TABLE `glossary` DISABLE KEYS */;
INSERT INTO `glossary` VALUES (2,'Work-related illnesses','A work-related illness is any illness contracted primarily as a result of an exposure to risk factors arising from work activity. Work-related illnesses have multiple causes, where factors in the work environment may play a role, together with other risk factors, in the development of such illness.'),(3,'Cancer','Cancer includes the following illnesses: Lip oral cavity cancer, nasopharynx cancer, other pharynx cancer, esophageal cancer, stomach cancer, colon and rectum cancer, liver cancer, gallbladder and biliary tract cancer, pancreatic cancer, larynx cancer, tracheal, broncus and lung cancer, malignant skin melanoma, non-melona skin cancer, breast cancer, cervical cancer, uterine cancer, ovarian cancer, prostate cancer, testicular cancer, kidney cancer, bladder cancer, brain and nervous system cancer, thyroid cancer, mesothelioma, hodgkin lymphoma, non-hodgkin lymphoma, multiple myeloma, leukemia and other neoplasms.'),(4,'Musculoskeletal Disorders (MSDs)','MSD includes the following illnesses: Rheumatoid arthritis, osteoarthritis, low back pain, neck pain, gout and other musculoskeletal disorders.'),(5,'Circulatory illnesses','Circulatory illnesses includes the following illnesses: Ischemic heart disease, ischemic stroke and hemorrhagic stroke.'),(6,'Work-related injuries','An accident at work is defined as a discrete occurrence in the course of work which leads to physical or mental harm. This includes cases of acute poisoning and wilful acts of other persons, as well as accidents occurring during work but off the company’s premises, even those caused by third parties. It excludes deliberate self-inflicted injuries, accidents on the way to and from work (commuting accidents), accidents having only a medical origin and occupational diseases.'),(7,'Years of Life Lost (YLL)','The Years of Life Lost (YLL) correspond to the number of deaths multiplied by the standard life expectancy at the age at which death occurs.'),(8,'Years Lived with Disability (YLD)','To estimate the Years Lived with Disability (YLD) for a particular cause in a particular time period, the number of incident cases in that period is multiplied by the average duration of the illness and a weight factor that reflects the severity of the disease on a scale from 0 (perfect health) to 1 (dead).'),(9,'Disability Adjusted Life Years (DALY)','Disability Adjusted Life Years (DALY) for an illness or health condition are calculated as the sum of the Years of Life Lost (YLL) due to premature mortality in the population and the Years Lost due to Disability (YLD) for people living with the health condition or its consequences.'),(11,'HIGH countries','This WHO region includes High income countries: Andorra, Australia, Austria, Bahamas, Bahrain, Belgium, Brunei Darussalam, Canada, Cyprus, Denmark, Faroe Island, Finland, France, Germany, Greece, Greenland, Guernsey, Iceland, Ireland, Isle of Man, Israel, Italy, Japan, Jersey, Korea, Republic of Kuwait, Liechtenstein, Luxembourg, Malta, Monaco, Netherlands, New Zealand, Norway, Portugal, Qatar, San Marino, Saudi Arabia, Singapore, Slovenia, Spain, Sweden, Switzerland, United Arab Emirates, United Kingdom, United States\r\nAnd Virgin Islands.'),(12,'AFRO countries','This WHO region includes the following countries: Algeria, Angola, Benin, Botswana, Burkina Faso, Burundi, Cameroon, Cape Verde\r\nCentral African Republic, Chad, Comoros, Congo, Democratic Republic of the Congo, Republic of Côte d\'Ivoire, Equatorial Guinea, Eritrea, Ethiopia, Gabon, Gambia, Ghana, Guinea, Guinea-Bissau, Kenya, Lesotho, Liberia, Madagascar, Malawi, Mali, Mauritania, Mauritius, Mayotte, Mozambique, Namibia, Niger, Nigeria, Réunion, Rwanda, Saint Helena, Ascension, and Tristan Da Cunha, Sao Tome and Principe, Senegal, Seychelles, Sierra Leone, South Africa, Swaziland, Tanzania, United Republic of Togo, Uganda, Zambia and Zimbabwe.'),(13,'AMRO countries','This WHO region includes the following countries: Anguilla, Antigua and Barbuda, Argentina, Aruba, Barbados, Belize, Bermuda, Bolivia, Brazil, Cayman Islands, Chile, Colombia, Costa Rica, Cuba, Dominica, Dominican Republic, Ecuador, El Salvador, Falkland Islands (Malvinas), French Guiana , Grenada, Guadeloupe, Guatemala, Guyana, Haiti, Honduras, Jamaica, Martinique, Mexico, Montserrat, Netherlands Antilles, Nicaragua, Panama, Paraguay, Peru, Puerto Rico, Saint Kitts and Nevis, Saint Lucia, Saint Pierre and Miquelon, Saint Vincent and the Grenadines, Suriname, Trinidad and Tobago, Turks and Caicos Islands, Uruguay and Venezuela.'),(14,'EMRO countries','This WHO region includes the following countries: Afghanistan, Djibouti, Egypt, Iran, Islamic Rep. Of Iraq, Jordan, Lebanon, Libyan Arab Jamahiriya, Morocco, Oman, Pakistan, Somalia, Sudan, The Republic of Syrian Arab Republic, Tunisia, West Bank & Gaza Strip and Yemen.'),(15,'EURO countries','This WHO region includes the following countries: Albania, Armenia, Azerbaijan, Belarus, Bosnia and Herzegovina, Bulgaria, Croatia, Czech Republic, Estonia, Georgia, Gibraltar, Hungary, Kazakhstan, Kyrgyzstan, Latvia, Lithuania, Macedonia, The former Yugoslav Rep. Of Moldova, Republic of\r\nMontenegro, Poland, Romania, Russian Federation, Serbia, Slovakia, Tajikistan, Turkey, Turkmenistan, Ukraine and Uzbekistan.'),(16,'SEARO countries','This WHO region includes the following countries: Bangladesh, Bhutan, India, Indonesia, Dem. People\'s Rep. Of Korea, Maldives, Myanmar (Burma), Nepal, Sri Lanka, Thailand and Timor-Leste.'),(17,'WPRO countries','This WHO region includes the following countries: American Samoa, Cambodia, China, Cook Islands, Fiji, French Polynesia, Guam, Hong Kong (China), Kiribati, Lao People\'s Dem. Rep., Macau (China), Malaysia, Marshall Islands, Micronesia, Mongolia, Nauru, New Caledonia, Niue, Norfolk Island, Northern Mariana Islands, Palau, Papua New Guinea, Philippines, Samoa, Solomon Islands, Taiwan (China), Tokelau, Tonga, Tuvalu, Vanuatu, Vietnam and Wallis and Futuna.'),(18,'Billion','1,000,000,000, i.e. one thousand million, or 109 (ten to the ninth power), as defined on the short scale. This is now generally the meaning in both British and American English. As exchange rate between € and $ the 2016 average value provided by the European Central Bank has been used.');
/*!40000 ALTER TABLE `glossary` ENABLE KEYS */;
UNLOCK TABLES;

--
-- Table structure for table `indicators`
--

DROP TABLE IF EXISTS `indicators`;
/*!40101 SET @saved_cs_client     = @@character_set_client */;
/*!40101 SET character_set_client = utf8 */;
CREATE TABLE `indicators` (
  `INDICATOR_ID` double DEFAULT NULL,
  `INDICATOR_NAME` varchar(255) DEFAULT NULL,
  `SOURCE` varchar(255) DEFAULT NULL,
  `YEAR` double DEFAULT NULL
) ENGINE=InnoDB DEFAULT CHARSET=utf8;
/*!40101 SET character_set_client = @saved_cs_client */;

--
-- Dumping data for table `indicators`
--

LOCK TABLES `indicators` WRITE;
/*!40000 ALTER TABLE `indicators` DISABLE KEYS */;
INSERT INTO `indicators` VALUES (1,'Total cost of the work-related injuries and illnesses (billions of USD/€) Global','JT',2017),(2,'Total cost of the work-related injuries and illnesses (billions of USD/€) EU28','FIOH',2017),(3,'Mortality: Fatal cases resulting from work-related injuries and illnesses Global','JT',2017),(4,'Mortality: Fatal cases resulting from work-related injuries and illnesses EU28','FIOH',2017),(5,'DALY - Global (millions of years)','JT',2017),(6,'DALY  EU28 (millions of years)','FIOH',2017),(7,'Distribution of mortality by illness group (%) Global','JT',2017),(8,'Distribution of mortality by illness group (%) EU28','FIOH',2017),(9,'Distribution of DALY by illness group (%) Global','JT',2017),(10,'Distribution of DALY by illness group (%) EU28','FIOH',2017),(11,'Mortality-fatal cases per 100.000 workers in WHO regions','JT',2017),(12,'YLL per 100.000 workers in WHO regions','JT',2017),(13,'Comparison of Years of Life Lost (YLL) and Years Lived with Disability (YLD) in WHO regions','JT',2017),(14,'DALY per 100.000 workers in WHO regions','JT',2017),(15,'Contribution to GDP loss (%) in WHO regions','JT',2017),(16,'YLL per 100.000 workers in EU28','FIOH',2017),(17,'YLD per 100.000 workers in EU28','FIOH',2017),(18,'DALY per 100.000 workers in EU28','FIOH',2017),(19,'Total GDP workyears lost (%) in EU28','FIOH',2017),(20,'Injuries contribution to GDP workyears lost (%) in EU28','FIOH',2017),(21,'Illnesses contribution to GDP workyears lost (%) in EU28','FIOH',2017),(22,'Distribution of mortality by illness group (%) in WHO regions','JT',2017),(23,'Distribution of DALY by illness group (%) in WHO regions','JT',2017),(24,'DALY per 100.000 workers resulting from main work-related illnesses groups in WHO regions','JT',2017),(25,'DALY per 100.000 workers in EU28','FIOH',2017),(26,'Ranking of DALY per 100.000 workers in the EU28','FIOH',2017),(27,'YLL distribution by illnesses group in EU28','FIOH',2017),(28,'DALY per 100.000 workers resulting from main work-related illnesses groups in WHO regions','JT',2017);
/*!40000 ALTER TABLE `indicators` ENABLE KEYS */;
UNLOCK TABLES;

--
-- Table structure for table `literals`
--

DROP TABLE IF EXISTS `literals`;
/*!40101 SET @saved_cs_client     = @@character_set_client */;
/*!40101 SET character_set_client = utf8 */;
CREATE TABLE `literals` (
  `LITERAL_ID` int(11) DEFAULT NULL,
  `LITERAL` varchar(1000) DEFAULT NULL,
  `SECTION` varchar(255) DEFAULT NULL,
  `CHART_ID` varchar(255) DEFAULT NULL,
  `LITERAL_TYPE` varchar(255) DEFAULT NULL
) ENGINE=InnoDB DEFAULT CHARSET=utf8;
/*!40101 SET character_set_client = @saved_cs_client */;

--
-- Dumping data for table `literals`
--

LOCK TABLES `literals` WRITE;
/*!40000 ALTER TABLE `literals` DISABLE KEYS */;
INSERT INTO `literals` VALUES (1,'Global estimates','MENU',NULL,'MENU_ITEM'),(2,'EU estimates','MENU',NULL,'MENU_ITEM'),(3,'EU countries comparison','MENU',NULL,'MENU_ITEM'),(4,'Analysis by illness','MENU',NULL,'MENU_ITEM'),(5,'Glossary','MENU',NULL,'MENU_ITEM'),(6,'About the estimates','MENU',NULL,'MENU_ITEM'),(7,'Site map','FOOTER',NULL,'FOOTER_ITEM'),(8,'Privacy notice','FOOTER',NULL,'FOOTER_ITEM'),(9,'Legal notice','FOOTER',NULL,'FOOTER_ITEM'),(10,'Accessibility','FOOTER',NULL,'FOOTER_ITEM'),(11,'Contact us','FOOTER',NULL,'FOOTER_ITEM'),(12,'Global estimate','HOMEPAGE',NULL,'OTHER_LITERAL'),(13,'EU28 estimate','HOMEPAGE',NULL,'OTHER_LITERAL'),(14,'Cost to society of work-related injury and illness','HOMEPAGE','3','SHORT_TITLE'),(15,'Cost to society of work-related injury and illness','HOMEPAGE','3','LONG_TITLE'),(16,'Work-related injuries and illnesses result in the loss of 3.9% of all work-years globally and 3.3% of those in the EU, equivalent to a cost of  approximately 2,966 billion and 528 billion, respectively.<br/>Source: ILO, 2017','HOMEPAGE','3','RELATED_MESSAGE_$'),(17,'Work-related injuries and illnesses result in the loss of 3.9% of all work-years globally and 3.3% of those in the EU, equivalent to a cost of  approximately 2,680 billion and 476 billion, respectively.<br/>Source: ILO, 2017','HOMEPAGE','3','RELATED_MESSAGE_€'),(18,'Mortality: deaths resulting from work-related injury and illness (number of fatalities)','HOMEPAGE','6','SHORT_TITLE'),(19,'Mortality: deaths resulting from work-related injury and illness (number of fatalities)','HOMEPAGE','6','LONG_TITLE'),(20,'Work-related illnesses account for 86% of all deaths related to work globally and 98% in the EU.<br/>Sources: ILO, 2017 and Eurostat, 2014 (fatal injuries in EU).','HOMEPAGE','6','RELATED_MESSAGE'),(21,'DALY (disability-adjusted life years) lost due to work-related injury and illness (millions of years)','HOMEPAGE','9','SHORT_TITLE'),(22,'DALY (disability-adjusted life years) lost due to work-related injury and illness (millions of years)','HOMEPAGE','9','LONG_TITLE'),(23,'In total, 123.3 million DALY are lost globally as a result of work-related injury and illness and 7,1 million in the EU. 67.8 million of these are years of life lost due to fatal injury or illness (3.4 million in the EU) and 55.5 million are lived with disability (3.7 million in the EU).<br/>Source: ILO, 2017','HOMEPAGE','9','RELATED_MESSAGE'),(24,'YLL','HOMEPAGE','9','LITERAL_AXIS'),(25,'YLD','HOMEPAGE','9','LITERAL_AXIS'),(26,'Percentage of all work-related deaths','HOMEPAGE','11','SHORT_TITLE'),(27,'Percentage of all work-related deaths','HOMEPAGE','11','LONG_TITLE'),(28,'What are the main work-related illnesses and injuries resulting in death and in DALY?','HOMEPAGE','12','TITLE'),(29,'* Deaths due to MSDs are included in `Other´ illnesses','HOMEPAGE','12','OTHER_LITERAL'),(30,'Percentage of all work-related DALY','HOMEPAGE','14','SHORT_TITLE'),(31,'Percentage of all work-related DALY','HOMEPAGE','14','LONG_TITLE'),(32,'What are the main work-related illnesses and injuries resulting in death and in DALY?','HOMEPAGE','15','TITLE'),(33,'Cancer is the biggest killer with 106,307 fatal cases per year in EU28, followed by Circulatory illnesses with 49,462 cases. Also, Cancer has the highest DALY (Years of Life Lost and Years Lived with Disability).<br/>Source: EU-OSHA, 2017','HOMEPAGE','15','RELATED_MESSAGE'),(34,'See more about work-related illnesses groups','HOMEPAGE',NULL,'BUTTON'),(35,'Compare the situation in the WHO regions','HOMEPAGE',NULL,'BUTTON'),(36,'Compare the situation in EU countries','HOMEPAGE',NULL,'BUTTON'),(37,'WHO regions and EU28 average comparison','WHO_REGIONS',NULL,'SECTION_TITLE'),(38,'In HIGH and AMRO the cost of non-fatal work-related injury and illness is higher than the fatal ones. Consequently, the number of Years Lived with Disability (YLD) is higher than the Years of Life Lost (YLL).','WHO_REGIONS',NULL,'INTRO'),(39,'See more about the estimates','WHO_REGIONS',NULL,'BUTTON'),(40,'Mortality','WHO_REGIONS','16','CARROUSEL_TITLE'),(41,'Years of life lost','WHO_REGIONS','17','CARROUSEL_TITLE'),(42,'Years of Life Lost vs Years Lived with Disability','WHO_REGIONS','18','CARROUSEL_TITLE'),(43,'Total cost','WHO_REGIONS','21','CARROUSEL_TITLE'),(44,'What <a href=\'javascript:\' data-toggle=\'modal\' data-target=\'#modalChart\' data-ng-click=\'modal(\"slide\",$index)\'>region</a> is each country in?','WHO_REGIONS',NULL,'OTHER_LITERAL'),(45,'See more about the situation in the European countries','WHO_REGIONS',NULL,'BUTTON'),(46,'See more about work-related illnesses groups in the WHO regions','WHO_REGIONS',NULL,'BUTTON'),(47,'Mortality: deaths per 100,000 workers','WHO_REGIONS','16','SHORT_TITLE'),(48,'Mortality: deaths per 100,000 workers','WHO_REGIONS','16','LONG_TITLE'),(49,'The mortality rate (deaths resulting from work-related injury and illness per 100,000 workers) ranges from 57 cases in AMRO to 109 cases in EURO per 100,000 workers (93 in the EU28). 83%-98% are due to work-related illness.<br/>Sources: ILO, 2017 and Eurostat, 2014 (fatal injuries in EU)','WHO_REGIONS','16','RELATED_MESSAGE'),(50,'Years of Life Lost (YLL) resulting from fatal cases per 100,000 workers','WHO_REGIONS','17','SHORT_TITLE'),(51,'Years of Life Lost (YLL) resulting from fatal cases per 100,000 workers','WHO_REGIONS','17','LONG_TITLE'),(52,'The rate of Years of Life Lost (YLL per 100,000 workers) due to work-related injury and illness ranges from 1,264 years in AMRO to 2,775 years in SEARO per 100.000 workers (1,570 in the EU28).<br/>Source: ILO, 2017','WHO_REGIONS','17','RELATED_MESSAGE'),(53,'Total years lost: Comparison of Years of Life Lost (YLL) and Years Lived with Disability (YLD)','WHO_REGIONS','18','SHORT_TITLE'),(54,'Total years lost: Comparison of Years of Life Lost (YLL) and Years Lived with Disability (YLD)','WHO_REGIONS','18','LONG_TITLE'),(55,'In HIGH and AMRO, more years are lived with disability (YLD) than are lost due to early death (YLL). In the EU28, YLD accounts for 52% and YLL for 48%.<br/>Source: ILO, 2017','WHO_REGIONS','18','RELATED_MESSAGE'),(56,'Cost to society in terms of DALY rate (years per 100,000 workers) and in terms of contribution to work-years lost expressed as percentage equivalent of total GDP (%)','WHO_REGIONS','21','SHORT_TITLE'),(57,'Cost to society in terms of DALY rate (years per 100,000 workers) and in terms of contribution to work-years lost expressed as percentage equivalent of total GDP (%)','WHO_REGIONS','21','LONG_TITLE'),(58,'Disability Adjusted Life Years (DALY) is the sum of Years of Life Lost (YLL) due to work-related death and Years Lived with Disability (YLD) due to work-related injury and illness. DALY rate (years per 100.000 workers) varies from 3,273 years in HIGH to 4,397 years in SEARO (3,258 in the EU28). \r\nThe total cost can be expressed as DALY rate or contribution to work-years lost expressed as percentage equivalent of total GDP (%). In this sense, the workyears loss ranges from 3.27% in HIGH to 4.40% in SEARO (3.26% in the EU28).<br/>Source: ILO, 2017','WHO_REGIONS','21','RELATED_MESSAGE'),(59,'EU countries comparison','EU_COMPARISON',NULL,'SECTION_TITLE'),(60,'3.3% of the GDP work-years are lost due to work-related injury and illness. The majority is due to work-related illnesses reaching the 3,1% of the GDP workyears.','EU_COMPARISON',NULL,'INTRO'),(61,'See more about the estimates','EU_COMPARISON',NULL,'BUTTON'),(62,'Years of life lost','EU_COMPARISON','22','CARROUSEL_TITLE'),(63,'Years lived with disability','EU_COMPARISON','23','CARROUSEL_TITLE'),(64,'Total years lost','EU_COMPARISON','24','CARROUSEL_TITLE'),(65,'Total GDP workyears lost','EU_COMPARISON','25','CARROUSEL_TITLE'),(66,'From work-related injuries','EU_COMPARISON','26','CARROUSEL_TITLE'),(67,'From work-related illnesses','EU_COMPARISON','27','CARROUSEL_TITLE'),(68,'See more about work-related illnesses groups in the EU countries','EU_COMPARISON',NULL,'BUTTON'),(69,'See more about the situation at world level, in the WHO regions','EU_COMPARISON',NULL,'BUTTON'),(70,'Years of Life Lost (YLL) per 100,000 workers','EU_COMPARISON','22','SHORT_TITLE'),(71,'Years of Life Lost (YLL) per 100,000 workers','EU_COMPARISON','22','LONG_TITLE'),(72,'The rate of years of Life Lost (YLL per 100,000 workers) due to work-related injury and illness ranges from 1,261 years in United Kingdom to 2,620 years in Bulgaria per 100.000 workers (1,570 in the EU28).<br/>Source: EU-OSHA, 2017','EU_COMPARISON','22','RELATED_MESSAGE'),(73,'Years lived with disability (YLD) per 100,000 workers','EU_COMPARISON','23','SHORT_TITLE'),(74,'Years lived with disability (YLD) per 100,000 workers','EU_COMPARISON','23','LONG_TITLE'),(75,'The rate of Years Lived with Disability (YLD per 100,000 workers) due to work-related injury and illness ranges from 795 years in Estonia to 2,209 years in Luxembourg per 100.000 workers (1,688 in the EU28).<br/>Source: EU-OSHA, 2017','EU_COMPARISON','23','RELATED_MESSAGE'),(76,'Total years lost: Disability adjusted life years (DALY) per 100,000 workers','EU_COMPARISON','24','SHORT_TITLE'),(77,'Total years lost: Disability adjusted life years (DALY) per 100,000 workers','EU_COMPARISON','24','LONG_TITLE'),(78,'Disability Adjusted Life Years (DALY) is the sum of Years of Life Lost (YLL) due to work-related death and Years Lived with Disability (YLD) due to work-related injury and illness. DALY rate (years per 100.000 workers) varies from 2,703 years in Malta to 3,655 years in Bulgaria (3,258 in the EU28).<br/>Source: EU-OSHA, 2017','EU_COMPARISON','24','RELATED_MESSAGE'),(79,'Cost expressed as proportion of all work-years lost expressed as percentage equivalent of total GDP (%)','EU_COMPARISON','25','SHORT_TITLE'),(80,'Cost expressed as proportion of all work-years lost expressed as percentage equivalent of total GDP (%)','EU_COMPARISON','25','LONG_TITLE'),(81,'The total cost can be expressed as DALY rate or as contribution to work-years lost expressed as percentage equivalent of total GDP (%). In this sense, the workyears loss ranges from 2.70% in Malta to 3.65% in Bulgaria (3.26% in the EU28).<br/>Source: ILO, 2017','EU_COMPARISON','25','RELATED_MESSAGE'),(82,'Work-related injury contribution to total GDP work-years lost','EU_COMPARISON','26','SHORT_TITLE'),(83,'Work-related injury contribution to total GDP work-years lost','EU_COMPARISON','26','LONG_TITLE'),(84,'Work-related injuries contribution to the work-years lost ranges from 0.06% in Netherlands to 0.45% in Luxembourg (0.16% in the EU28).<br/>Source: EU-OSHA, 2017','EU_COMPARISON','26','RELATED_MESSAGE'),(85,'Work-related illness contribution to total GDP work-years lost (%)','EU_COMPARISON','27','SHORT_TITLE'),(86,'Work-related illness contribution to total GDP work-years lost (%)','EU_COMPARISON','27','LONG_TITLE'),(87,'Work-related illnesses contribution to workyears lost ranges from 2.51% in Malta to 3.44% in Slovenia (3.09% in the EU28).<br/>Source: EU-OSHA, 2017','EU_COMPARISON','27','RELATED_MESSAGE'),(88,'Analysis by causes in the EU','EU_ILLNESSES',NULL,'SECTION_TITLE'),(89,'Find out more the comparison of the DALY by illness group','EU_ILLNESSES',NULL,'BUTTON'),(90,'See more about the estimates','EU_ILLNESSES',NULL,'BUTTON'),(91,'Main work-related illnesses and DALY (Years of life lost and lived with disability) per 100,000 workers','EU_ILLNESSES',NULL,'SECTION_SUBTITLE'),(92,'In the majority of the EU28 and Iceland and Norway, the main part of the cost is due to cancer, followed by musculoskeletal disorders (MSD). More information about the impact of each illness group by country will be analysed in this section.<br/>Source: EU-OSHA, 2017','EU_ILLNESSES','31','RELATED_MESSAGE'),(93,'DALY','EU_ILLNESSES','31','SHORT_TITLE'),(94,'DALY','EU_ILLNESSES','31','LONG_TITLE'),(95,'Comparison of the DALY per illness group in the EU','EU_ILLNESSES_RANKING',NULL,'SUBSECTION_TITLE'),(96,'All work-related illnesses and injuries','EU_ILLNESSES_RANKING','32','CARROUSEL_TITLE'),(97,'Cancer','EU_ILLNESSES_RANKING','33','CARROUSEL_TITLE'),(98,'MSD','EU_ILLNESSES_RANKING','34','CARROUSEL_TITLE'),(99,'Circulatory','EU_ILLNESSES_RANKING','35','CARROUSEL_TITLE'),(100,'Years of life lost and lived with disability (DALY) resulting from the main work-related illnesses groups','EU_ILLNESSES_RANKING','32','SHORT_TITLE'),(101,'Years of life lost and lived with disability (DALY) resulting from the main work-related illnesses groups','EU_ILLNESSES_RANKING','32','LONG_TITLE'),(102,'Disability Adjusted Life Years (DALY) is the sum of Years of Life Lost (YLL) due to work-related death and Years Lived with Disability (YLD) due to work-related injury and illness. DALY rate (years per 100.000 workers) varies from 2,703 years in Malta to 3,655 years in Bulgaria (3,258 in the EU28).<br/>Source: EU-OSHA, 2017','EU_ILLNESSES_RANKING','32','RELATED_MESSAGE'),(103,'Years of life lost and lived with disability (DALY) resulting from the main work-related illnesses groups','EU_ILLNESSES_RANKING','33','SHORT_TITLE'),(104,'Years of life lost and lived with disability (DALY) resulting from the main work-related illnesses groups','EU_ILLNESSES_RANKING','33','LONG_TITLE'),(105,'Disability Adjusted Life Years (DALY) is the sum of Years of Life Lost (YLL) due to work-related death and Years Lived with Disability (YLD) due to work-related injury and illness. DALY rate (years per 100.000 workers) resulting from Cancer varies from 642 years in United Kingdom to 1,219 years in Romania (815 in the EU28).<br/>Source: EU-OSHA, 2017','EU_ILLNESSES_RANKING','33','RELATED_MESSAGE'),(106,'Years of life lost and lived with disability (DALY) resulting from the main work-related illnesses groups','EU_ILLNESSES_RANKING','34','SHORT_TITLE'),(107,'Years of life lost and lived with disability (DALY) resulting from the main work-related illnesses groups','EU_ILLNESSES_RANKING','34','LONG_TITLE'),(108,'Disability Adjusted Life Years (DALY) is the sum of Years of Life Lost (YLL) due to work-related death and Years Lived with Disability (YLD) due to work-related injury and illness. DALY rate (years per 100.000 workers) resulting from MSD varies from 369 years in Malta to 841 years in Portugal (478 in the EU28).<br/>Source: EU-OSHA, 2017','EU_ILLNESSES_RANKING','34','RELATED_MESSAGE'),(109,'Years of life lost and lived with disability (DALY) resulting from the main work-related illnesses groups','EU_ILLNESSES_RANKING','35','SHORT_TITLE'),(110,'Years of life lost and lived with disability (DALY) resulting from the main work-related illnesses groups','EU_ILLNESSES_RANKING','35','LONG_TITLE'),(111,'Disability Adjusted Life Years (DALY) is the sum of Years of Life Lost (YLL) due to work-related death and Years Lived with Disability (YLD) due to work-related injury and illness. DALY rate (years per 100.000 workers) resulting from Circulatory diseases varies from 325 years in Sweden to 689 years in Cyprus (400 in the EU28).<br/>Source: EU-OSHA, 2017','EU_ILLNESSES_RANKING','35','RELATED_MESSAGE'),(112,'In this section some of the terms used in the descriptions presented in the tool are described.','GLOSSARY',NULL,'INTRO'),(113,'Billion $','HOMEPAGE','1','LITERAL_AXIS'),(114,'Billion €','HOMEPAGE','1','LITERAL_AXIS'),(115,'Billion $','HOMEPAGE','2','LITERAL_AXIS'),(116,'Billion €','HOMEPAGE','2','LITERAL_AXIS'),(117,'Fatal cases','WHO_REGIONS','16','LITERAL_AXIS'),(118,'YLL','WHO_REGIONS','17','LITERAL_AXIS'),(119,'YLL per 100,000 workers','EU_COMPARISON','22','LITERAL_AXIS'),(120,'YLD per 100,000 workers','EU_COMPARISON','23','LITERAL_AXIS'),(121,'DALY per 100,000 workers','EU_COMPARISON','24','LITERAL_AXIS'),(122,'GDP lost (%)','EU_COMPARISON','25','LITERAL_AXIS'),(123,'GDP lost (%)','EU_COMPARISON','26','LITERAL_AXIS'),(124,'GDP lost (%)','EU_COMPARISON','27','LITERAL_AXIS'),(125,'DALY per 100,000 workers','EU_ILLNESSES_RANKING','32','LITERAL_AXIS'),(126,'DALY per 100,000 workers','EU_ILLNESSES_RANKING','33','LITERAL_AXIS'),(127,'DALY per 100,000 workers','EU_ILLNESSES_RANKING','34','LITERAL_AXIS'),(128,'DALY per 100,000 workers','EU_ILLNESSES_RANKING','35','LITERAL_AXIS'),(129,'Cancer','EU_ILLNESSES','31','LEGEND'),(130,'MSD','EU_ILLNESSES','31','LEGEND'),(131,'Circulatory','EU_ILLNESSES','31','LEGEND'),(132,'Injuries','EU_ILLNESSES','31','LEGEND'),(133,'Others','EU_ILLNESSES','31','LEGEND'),(134,'Click on each value on the legend to hide/show in on the chart','GENERAL',NULL,'OTHER_LITERAL'),(135,'OSH costs - Data Visualisation Tool - European Agency for Safety and Health at Work','METATAG',NULL,'OTHER_LITERAL'),(136,'Page not found','GENERAL',NULL,'OTHER_LITERAL'),(137,'Analysis by illness','MENU',NULL,'MENU_ITEM'),(138,'Analysis by causes in the WHO regions','WHO_ILLNESSES',NULL,'SECTION_TITLE'),(139,'Main work-related illnesses and DALY (Years of life lost and lived with disability) per 100,000 workers','WHO_ILLNESSES',NULL,'SECTION_SUBTITLE'),(140,'In the majority of the WHO regions, the main part of the cost is due to circulatory illnesses, whereas in AFRO is due to musculoskeletal disorders (MSD) and in the HIGH income countries is due to cancer. More information about the impact of each illness group by region will be analysed in this section.<br/>Source: ILO, 2017','WHO_ILLNESSES','37','RELATED_MESSAGE'),(141,'DALY','WHO_ILLNESSES',NULL,'SHORT_TITLE'),(142,'DALY','WHO_ILLNESSES',NULL,'LONG_TITLE'),(143,'See more about work-related illnesses groups in the WHO regions','HOMEPAGE',NULL,'BUTTON'),(144,'Global regions','MENU',NULL,'MENU_ITEM'),(145,'The target was to identify the economic costs of poor or non-existing measures on safety and health in order to provide further incentives to reduce exposures and hazardous factors and conditions at work. This would contribute also to a more balanced public and private policies and on the urgency of measures to be taken. Ideally it would support in setting priorities in our quest for zero harm at work. The outcome was expected to be  a percentage of Gross Domestic Product (GDP) and monetary values originating from neglected safety and health measure by region, country, and by selected injuries, illnesses or disorders at work. Please download the following document for more information about the background, objectives, methods and contributors.','ABOUT_THE_ESTIMATES',NULL,'OTHER_LITERAL'),(146,'<a data-toggle=\"modal\" data-target=\"#modalChart\" data-ng-click=\"modal(\'slide\',$index)\">region</a>',NULL,NULL,'HYPERLINK'),(147,'DALY per 100,000 workers',NULL,NULL,NULL);
/*!40000 ALTER TABLE `literals` ENABLE KEYS */;
UNLOCK TABLES;

--
-- Table structure for table `regions_countries`
--

DROP TABLE IF EXISTS `regions_countries`;
/*!40101 SET @saved_cs_client     = @@character_set_client */;
/*!40101 SET character_set_client = utf8 */;
CREATE TABLE `regions_countries` (
  `ID` int(11) DEFAULT NULL,
  `REGION` varchar(255) DEFAULT NULL,
  `COUNTRY` varchar(255) DEFAULT NULL
) ENGINE=InnoDB DEFAULT CHARSET=utf8;
/*!40101 SET character_set_client = @saved_cs_client */;

--
-- Dumping data for table `regions_countries`
--

LOCK TABLES `regions_countries` WRITE;
/*!40000 ALTER TABLE `regions_countries` DISABLE KEYS */;
INSERT INTO `regions_countries` VALUES (1,'AFRO','Algeria'),(2,'AFRO','Angola'),(3,'AFRO','Benin'),(4,'AFRO','Botswana'),(5,'AFRO','Burkina Faso'),(6,'AFRO','Burundi'),(7,'AFRO','Cameroon'),(8,'AFRO','Cape Verde'),(9,'AFRO','Central African Republic'),(10,'AFRO','Chad'),(11,'AFRO','Comoros'),(12,'AFRO','Congo, Democratic Republic of the'),(13,'AFRO','Congo, Republic of'),(14,'AFRO','Côte d\'Ivoire'),(15,'AFRO','Equatorial Guinea'),(16,'AFRO','Eritrea'),(17,'AFRO','Ethiopia'),(18,'AFRO','Gabon'),(19,'AFRO','Gambia'),(20,'AFRO','Ghana'),(21,'AFRO','Guinea'),(22,'AFRO','Guinea-Bissau'),(23,'AFRO','Kenya'),(24,'AFRO','Lesotho'),(25,'AFRO','Liberia'),(26,'AFRO','Madagascar'),(27,'AFRO','Malawi'),(28,'AFRO','Mali'),(29,'AFRO','Mauritania'),(30,'AFRO','Mauritius'),(31,'AFRO','Mayotte'),(32,'AFRO','Mozambique'),(33,'AFRO','Namibia'),(34,'AFRO','Niger'),(35,'AFRO','Nigeria'),(36,'AFRO','Réunion'),(37,'AFRO','Rwanda'),(38,'AFRO','Saint Helena, Ascension, and Tristan Da Cunha'),(39,'AFRO','Sao Tome and Principe'),(40,'AFRO','Senegal'),(41,'AFRO','Seychelles'),(42,'AFRO','Sierra Leone'),(43,'AFRO','South Africa'),(44,'AFRO','Swaziland'),(45,'AFRO','Tanzania, United Republic of'),(46,'AFRO','Togo'),(47,'AFRO','Uganda'),(48,'AFRO','Zambia'),(49,'AFRO','Zimbabwe'),(50,'AMRO','Anguilla'),(51,'AMRO','Antigua and Barbuda'),(52,'AMRO','Argentina'),(53,'AMRO','Aruba'),(54,'AMRO','Barbados'),(55,'AMRO','Belize'),(56,'AMRO','Bermuda'),(57,'AMRO','Bolivia'),(58,'AMRO','Brazil'),(59,'AMRO','Cayman Islands'),(60,'AMRO','Chile'),(61,'AMRO','Colombia'),(62,'AMRO','Costa Rica'),(63,'AMRO','Cuba'),(64,'AMRO','Dominica'),(65,'AMRO','Dominican Republic'),(66,'AMRO','Ecuador'),(67,'AMRO','El Salvador'),(68,'AMRO','Falkland Islands (Malvinas)'),(69,'AMRO','Faroe Islands'),(70,'AMRO','French Guiana'),(71,'AMRO','Grenada'),(72,'AMRO','Guadeloupe'),(73,'AMRO','Guatemala'),(74,'AMRO','Guyana'),(75,'AMRO','Haiti'),(76,'AMRO','Honduras'),(77,'AMRO','Jamaica'),(78,'AMRO','Martinique'),(79,'AMRO','Mexico'),(80,'AMRO','Montserrat'),(81,'AMRO','Netherlands Antilles'),(82,'AMRO','Nicaragua'),(83,'AMRO','Panama'),(84,'AMRO','Paraguay'),(85,'AMRO','Peru'),(86,'AMRO','Puerto Rico'),(87,'AMRO','Saint Kitts and Nevis'),(88,'AMRO','Saint Lucia'),(89,'AMRO','Saint Pierre and Miquelon'),(90,'AMRO','Saint Vincent and the Grenadines'),(91,'AMRO','Suriname'),(92,'AMRO','Trinidad and Tobago'),(93,'AMRO','Turks and Caicos Islands'),(94,'AMRO','Uruguay'),(95,'AMRO','Venezuela, Bolivarian Rep. of'),(96,'EMRO','Afghanistan'),(97,'EMRO','Djibouti'),(98,'EMRO','Egypt'),(99,'EMRO','Iran, Islamic Rep. Of'),(100,'EMRO','Iraq'),(101,'EMRO','Jordan'),(102,'EMRO','Lebanon'),(103,'EMRO','Libyan Arab Jamahiriya'),(104,'EMRO','Morocco'),(105,'EMRO','Oman'),(106,'EMRO','Pakistan'),(107,'EMRO','Somalia'),(108,'EMRO','Sudan, The Republic of'),(109,'EMRO','Syrian Arab Republic'),(110,'EMRO','Tunisia'),(111,'EMRO','West Bank & Gaza Strip'),(112,'EMRO','Yemen'),(113,'EURO','Albania'),(114,'EURO','Armenia'),(115,'EURO','Azerbaijan'),(116,'EURO','Belarus'),(117,'EURO','Bosnia and Herzegovina'),(118,'EURO','Bulgaria'),(119,'EURO','Croatia'),(120,'EURO','Czech Republic'),(121,'EURO','Estonia'),(122,'EURO','Georgia'),(123,'EURO','Gibraltar'),(124,'EURO','Hungary'),(125,'EURO','Kazakhstan'),(126,'EURO','Kyrgyzstan'),(127,'EURO','Latvia'),(128,'EURO','Lithuania'),(129,'EURO','Macedonia, The former Yugoslav Rep. of'),(130,'EURO','Moldova, Republic of'),(131,'EURO','Montenegro'),(132,'EURO','Poland'),(133,'EURO','Romania'),(134,'EURO','Russian Federation'),(135,'EURO','Serbia'),(136,'EURO','Slovakia'),(137,'EURO','Tajikistan'),(138,'EURO','Turkey'),(139,'EURO','Turkmenistan'),(140,'EURO','Ukraine'),(141,'EURO','Uzbekistan'),(142,'HIGH','Andorra'),(143,'HIGH','Australia'),(144,'HIGH','Austria'),(145,'HIGH','Bahamas'),(146,'HIGH','Bahrain'),(147,'HIGH','Belgium'),(148,'HIGH','Brunei Darussalam'),(149,'HIGH','Canada'),(150,'HIGH','Cyprus'),(151,'HIGH','Denmark'),(152,'HIGH','Finland'),(153,'HIGH','France'),(154,'HIGH','Germany'),(155,'HIGH','Greece'),(156,'HIGH','Greenland'),(157,'HIGH','Guernsey'),(158,'HIGH','Iceland'),(159,'HIGH','Ireland'),(160,'HIGH','Isle of Man'),(161,'HIGH','Israel'),(162,'HIGH','Italy'),(163,'HIGH','Japan'),(164,'HIGH','Jersey'),(165,'HIGH','Korea, Republic of'),(166,'HIGH','Kuwait'),(167,'HIGH','Liechtenstein'),(168,'HIGH','Luxembourg'),(169,'HIGH','Malta'),(170,'HIGH','Monaco'),(171,'HIGH','Netherlands'),(172,'HIGH','New Zealand'),(173,'HIGH','Norway'),(174,'HIGH','Portugal'),(175,'HIGH','Qatar'),(176,'HIGH','San Marino'),(177,'HIGH','Saudi Arabia'),(178,'HIGH','Singapore'),(179,'HIGH','Slovenia'),(180,'HIGH','Spain'),(181,'HIGH','Sweden'),(182,'HIGH','Switzerland'),(183,'HIGH','United Arab Emirates'),(184,'HIGH','United Kingdom'),(185,'HIGH','United States'),(186,'HIGH','Virgin Islands, U.S.'),(187,'SEARO','Bangladesh'),(188,'SEARO','Bhutan'),(189,'SEARO','India'),(190,'SEARO','Indonesia'),(191,'SEARO','Korea, Dem. People\'s Rep. Of'),(192,'SEARO','Maldives'),(193,'SEARO','Myanmar (Burma)'),(194,'SEARO','Nepal'),(195,'SEARO','Sri Lanka'),(196,'SEARO','Thailand'),(197,'SEARO','Timor-Leste'),(198,'WPRO','American Samoa'),(199,'WPRO','Cambodia'),(200,'WPRO','China'),(201,'WPRO','Cook Islands'),(202,'WPRO','Fiji'),(203,'WPRO','French Polynesia'),(204,'WPRO','Guam'),(205,'WPRO','Hong Kong, China'),(206,'WPRO','Kiribati'),(207,'WPRO','Lao People\'s Dem. Rep.'),(208,'WPRO','Macau, China'),(209,'WPRO','Malaysia'),(210,'WPRO','Marshall Islands'),(211,'WPRO','Micronesia'),(212,'WPRO','Mongolia'),(213,'WPRO','Nauru'),(214,'WPRO','New Caledonia'),(215,'WPRO','Niue'),(216,'WPRO','Norfolk Island'),(217,'WPRO','Northern Mariana Islands'),(218,'WPRO','Palau'),(219,'WPRO','Papua New Guinea'),(220,'WPRO','Philippines'),(221,'WPRO','Samoa'),(222,'WPRO','Solomon Islands'),(223,'WPRO','Taiwan, China'),(224,'WPRO','Tokelau'),(225,'WPRO','Tonga'),(226,'WPRO','Tuvalu'),(227,'WPRO','Vanuatu'),(228,'WPRO','Vietnam'),(229,'WPRO','Wallis and Futuna');
/*!40000 ALTER TABLE `regions_countries` ENABLE KEYS */;
UNLOCK TABLES;
/*!40103 SET TIME_ZONE=@OLD_TIME_ZONE */;

/*!40101 SET SQL_MODE=@OLD_SQL_MODE */;
/*!40014 SET FOREIGN_KEY_CHECKS=@OLD_FOREIGN_KEY_CHECKS */;
/*!40014 SET UNIQUE_CHECKS=@OLD_UNIQUE_CHECKS */;
/*!40101 SET CHARACTER_SET_CLIENT=@OLD_CHARACTER_SET_CLIENT */;
/*!40101 SET CHARACTER_SET_RESULTS=@OLD_CHARACTER_SET_RESULTS */;
/*!40101 SET COLLATION_CONNECTION=@OLD_COLLATION_CONNECTION */;
/*!40111 SET SQL_NOTES=@OLD_SQL_NOTES */;

-- Dump completed on 2017-09-18  9:50:33
