<?xml version="1.0" encoding="UTF-8" standalone="yes"?>
<ns2:ExportManifest xmlns:ns2="http://www.pentaho.com/schema/">
    <ExportManifestInformation exportDate="25-02-2016 12:57:27 CET" exportBy="admin" rootFolder="/home/osha/" manifestVersion="2"/>
    <ExportManifestEntity path="country-card">
        <ExportManifestProperty>
            <EntityMetaData name="country-card" createdDate="2016-02-19T10:07:26.166+01:00" isFolder="true" path="country-card" isHidden="false" locale="en_US" title="country-card"/>
        </ExportManifestProperty>
        <ExportManifestProperty>
            <EntityAcl>
                <entriesInheriting>true</entriesInheriting>
                <owner>admin</owner>
                <ownerType>USER</ownerType>
            </EntityAcl>
        </ExportManifestProperty>
    </ExportManifestEntity>
    <ExportManifestEntity path="country-card/age-pyramid.saiku">
        <ExportManifestProperty>
            <EntityMetaData name="age-pyramid.saiku" createdDate="2016-02-19T13:58:07.210+01:00" isFolder="false" path="country-card/age-pyramid.saiku" isHidden="false" locale="en_US" title="age-pyramid.saiku"/>
        </ExportManifestProperty>
        <ExportManifestProperty>
            <EntityAcl>
                <entriesInheriting>true</entriesInheriting>
                <owner>admin</owner>
                <ownerType>USER</ownerType>
            </EntityAcl>
        </ExportManifestProperty>
    </ExportManifestEntity>
    <ExportManifestEntity path="country-card/figure1-EMPLOYMENT-BYAGE.saiku">
        <ExportManifestProperty>
            <EntityMetaData name="figure1-EMPLOYMENT-BYAGE.saiku" createdDate="2016-02-19T14:02:50.555+01:00" isFolder="false" path="country-card/figure1-EMPLOYMENT-BYAGE.saiku" isHidden="false" locale="en_US" title="figure1-EMPLOYMENT-BYAGE.saiku"/>
        </ExportManifestProperty>
        <ExportManifestProperty>
            <EntityAcl>
                <entriesInheriting>true</entriesInheriting>
                <owner>admin</owner>
                <ownerType>USER</ownerType>
            </EntityAcl>
        </ExportManifestProperty>
    </ExportManifestEntity>
    <ExportManifestEntity path="country-card/figure2-LE-HLY-AGE65.saiku">
        <ExportManifestProperty>
            <EntityMetaData name="figure2-LE-HLY-AGE65.saiku" createdDate="2016-02-19T14:05:06.166+01:00" isFolder="false" path="country-card/figure2-LE-HLY-AGE65.saiku" isHidden="false" locale="en_US" title="figure2-LE-HLY-AGE65.saiku"/>
        </ExportManifestProperty>
        <ExportManifestProperty>
            <EntityAcl>
                <entriesInheriting>true</entriesInheriting>
                <owner>admin</owner>
                <ownerType>USER</ownerType>
            </EntityAcl>
        </ExportManifestProperty>
    </ExportManifestEntity>
    <ExportManifestEntity path="country-card/figure3-DISCRIMINATION-AGE65.saiku">
        <ExportManifestProperty>
            <EntityMetaData name="figure3-DISCRIMINATION-AGE65.saiku" createdDate="2016-02-19T14:08:11.716+01:00" isFolder="false" path="country-card/figure3-DISCRIMINATION-AGE65.saiku" isHidden="false" locale="en_US" title="figure3-DISCRIMINATION-AGE65.saiku"/>
        </ExportManifestProperty>
        <ExportManifestProperty>
            <EntityAcl>
                <entriesInheriting>true</entriesInheriting>
                <owner>admin</owner>
                <ownerType>USER</ownerType>
            </EntityAcl>
        </ExportManifestProperty>
    </ExportManifestEntity>
    <ExportManifestEntity path="country-card/figure4-OLDERS-KEEPWORKING-OPINION.saiku">
        <ExportManifestProperty>
            <EntityMetaData name="figure4-OLDERS-KEEPWORKING-OPINION.saiku" createdDate="2016-02-19T14:11:02.706+01:00" isFolder="false" path="country-card/figure4-OLDERS-KEEPWORKING-OPINION.saiku" isHidden="false" locale="en_US" title="figure4-OLDERS-KEEPWORKING-OPINION.saiku"/>
        </ExportManifestProperty>
        <ExportManifestProperty>
            <EntityAcl>
                <entriesInheriting>true</entriesInheriting>
                <owner>admin</owner>
                <ownerType>USER</ownerType>
            </EntityAcl>
        </ExportManifestProperty>
    </ExportManifestEntity>
    <ExportManifestEntity path="country-card/figure5-SENER-2014-Q250.saiku">
        <ExportManifestProperty>
            <EntityMetaData name="figure5-SENER-2014-Q250.saiku" createdDate="2016-02-19T14:13:22.930+01:00" isFolder="false" path="country-card/figure5-SENER-2014-Q250.saiku" isHidden="false" locale="en_US" title="figure5-SENER-2014-Q250.saiku"/>
        </ExportManifestProperty>
        <ExportManifestProperty>
            <EntityAcl>
                <entriesInheriting>true</entriesInheriting>
                <owner>admin</owner>
                <ownerType>USER</ownerType>
            </EntityAcl>
        </ExportManifestProperty>
    </ExportManifestEntity>
    <ExportManifestEntity path="country-card/selector-panel.saiku">
        <ExportManifestProperty>
            <EntityMetaData name="selector-panel.saiku" createdDate="2016-02-19T11:50:41.030+01:00" isFolder="false" path="country-card/selector-panel.saiku" isHidden="false" locale="en_US" title="selector-panel.saiku"/>
        </ExportManifestProperty>
        <ExportManifestProperty>
            <EntityAcl>
                <entriesInheriting>true</entriesInheriting>
                <owner>admin</owner>
                <ownerType>USER</ownerType>
            </EntityAcl>
        </ExportManifestProperty>
    </ExportManifestEntity>
</ns2:ExportManifest>
