<?xml version="1.0" encoding="UTF-8" standalone="yes"?>
<ns2:ExportManifest xmlns:ns2="http://www.pentaho.com/schema/">
    <ExportManifestInformation exportDate="14-03-2016 06:04:10 CET" exportBy="admin" rootFolder="/home/" manifestVersion="2"/>
    <ExportManifestEntity path="osha">
        <ExportManifestProperty>
            <EntityMetaData name="osha" createdDate="2015-09-24T14:47:36.072+02:00" isFolder="true" path="osha" isHidden="false" locale="en_US" title="osha"/>
        </ExportManifestProperty>
        <ExportManifestProperty>
            <EntityAcl>
                <aces>
                    <permissions>ALL</permissions>
                    <recipient>osha</recipient>
                    <recipientType>USER</recipientType>
                </aces>
                <entriesInheriting>false</entriesInheriting>
                <owner>osha</owner>
                <ownerType>USER</ownerType>
            </EntityAcl>
        </ExportManifestProperty>
    </ExportManifestEntity>
    <ExportManifestEntity path="osha/approaches-map">
        <ExportManifestProperty>
            <EntityMetaData name="approaches-map" createdDate="2016-03-11T13:05:48.565+01:00" isFolder="true" path="osha/approaches-map" isHidden="false" locale="en_US" title="approaches-map"/>
        </ExportManifestProperty>
        <ExportManifestProperty>
            <EntityAcl>
                <entriesInheriting>true</entriesInheriting>
                <owner>admin</owner>
                <ownerType>USER</ownerType>
            </EntityAcl>
        </ExportManifestProperty>
    </ExportManifestEntity>
    <ExportManifestEntity path="osha/approaches-map/figure1-MEDIAN-AGE.saiku">
        <ExportManifestProperty>
            <EntityMetaData name="figure1-MEDIAN-AGE.saiku" createdDate="2016-03-11T15:24:19.094+01:00" isFolder="false" path="osha/approaches-map/figure1-MEDIAN-AGE.saiku" isHidden="false" locale="en_US" title="figure1-MEDIAN-AGE.saiku"/>
        </ExportManifestProperty>
        <ExportManifestProperty>
            <EntityAcl>
                <entriesInheriting>true</entriesInheriting>
                <owner>admin</owner>
                <ownerType>USER</ownerType>
            </EntityAcl>
        </ExportManifestProperty>
    </ExportManifestEntity>
    <ExportManifestEntity path="osha/approaches-map/figure3-EMPLOYMENT-OLDERWORKERS.saiku">
        <ExportManifestProperty>
            <EntityMetaData name="figure3-EMPLOYMENT-OLDERWORKERS.saiku" createdDate="2016-03-11T13:06:17.333+01:00" isFolder="false" path="osha/approaches-map/figure3-EMPLOYMENT-OLDERWORKERS.saiku" isHidden="false" locale="en_US" title="figure3-EMPLOYMENT-OLDERWORKERS.saiku"/>
        </ExportManifestProperty>
        <ExportManifestProperty>
            <EntityAcl>
                <entriesInheriting>true</entriesInheriting>
                <owner>admin</owner>
                <ownerType>USER</ownerType>
            </EntityAcl>
        </ExportManifestProperty>
    </ExportManifestEntity>
    <ExportManifestEntity path="osha/approaches-map/figure4-OPINION-WORK-HEALTH-NEGATIVE.saiku">
        <ExportManifestProperty>
            <EntityMetaData name="figure4-OPINION-WORK-HEALTH-NEGATIVE.saiku" createdDate="2016-03-11T13:15:56.762+01:00" isFolder="false" path="osha/approaches-map/figure4-OPINION-WORK-HEALTH-NEGATIVE.saiku" isHidden="false" locale="en_US" title="figure4-OPINION-WORK-HEALTH-NEGATIVE.saiku"/>
        </ExportManifestProperty>
        <ExportManifestProperty>
            <EntityAcl>
                <entriesInheriting>true</entriesInheriting>
                <owner>admin</owner>
                <ownerType>USER</ownerType>
            </EntityAcl>
        </ExportManifestProperty>
    </ExportManifestEntity>
    <ExportManifestEntity path="osha/approaches-map/figure5-OPINION50-CONTINUE60.saiku">
        <ExportManifestProperty>
            <EntityMetaData name="figure5-OPINION50-CONTINUE60.saiku" createdDate="2016-03-11T13:24:34.863+01:00" isFolder="false" path="osha/approaches-map/figure5-OPINION50-CONTINUE60.saiku" isHidden="false" locale="en_US" title="figure5-OPINION50-CONTINUE60.saiku"/>
        </ExportManifestProperty>
        <ExportManifestProperty>
            <EntityAcl>
                <entriesInheriting>true</entriesInheriting>
                <owner>admin</owner>
                <ownerType>USER</ownerType>
            </EntityAcl>
        </ExportManifestProperty>
    </ExportManifestEntity>
    <ExportManifestEntity path="osha/approaches-map/figure6-TRAINING-OLDERWORKERS.saiku">
        <ExportManifestProperty>
            <EntityMetaData name="figure6-TRAINING-OLDERWORKERS.saiku" createdDate="2016-03-11T13:26:06.380+01:00" isFolder="false" path="osha/approaches-map/figure6-TRAINING-OLDERWORKERS.saiku" isHidden="false" locale="en_US" title="figure6-TRAINING-OLDERWORKERS.saiku"/>
        </ExportManifestProperty>
        <ExportManifestProperty>
            <EntityAcl>
                <entriesInheriting>true</entriesInheriting>
                <owner>admin</owner>
                <ownerType>USER</ownerType>
            </EntityAcl>
        </ExportManifestProperty>
    </ExportManifestEntity>
    <ExportManifestEntity path="osha/country-card">
        <ExportManifestProperty>
            <EntityMetaData name="country-card" createdDate="2016-02-26T13:55:25.781+01:00" isFolder="true" path="osha/country-card" isHidden="false" locale="en_US" title="country-card"/>
        </ExportManifestProperty>
        <ExportManifestProperty>
            <EntityAcl>
                <entriesInheriting>true</entriesInheriting>
                <owner>admin</owner>
                <ownerType>USER</ownerType>
            </EntityAcl>
        </ExportManifestProperty>
    </ExportManifestEntity>
    <ExportManifestEntity path="osha/country-card/age-pyramid.saiku">
        <ExportManifestProperty>
            <EntityMetaData name="age-pyramid.saiku" createdDate="2016-02-26T13:55:25.883+01:00" isFolder="false" path="osha/country-card/age-pyramid.saiku" isHidden="false" locale="en_US" title="age-pyramid"/>
        </ExportManifestProperty>
        <ExportManifestProperty>
            <EntityAcl>
                <entriesInheriting>true</entriesInheriting>
                <owner>admin</owner>
                <ownerType>USER</ownerType>
            </EntityAcl>
        </ExportManifestProperty>
    </ExportManifestEntity>
    <ExportManifestEntity path="osha/country-card/figure1-EMPLOYMENT-BYAGE.saiku">
        <ExportManifestProperty>
            <EntityMetaData name="figure1-EMPLOYMENT-BYAGE.saiku" createdDate="2016-02-26T13:55:26.006+01:00" isFolder="false" path="osha/country-card/figure1-EMPLOYMENT-BYAGE.saiku" isHidden="false" locale="en_US" title="figure1-EMPLOYMENT-BYAGE"/>
        </ExportManifestProperty>
        <ExportManifestProperty>
            <EntityAcl>
                <entriesInheriting>true</entriesInheriting>
                <owner>admin</owner>
                <ownerType>USER</ownerType>
            </EntityAcl>
        </ExportManifestProperty>
    </ExportManifestEntity>
    <ExportManifestEntity path="osha/country-card/figure2-LE-HLY-AGE65.saiku">
        <ExportManifestProperty>
            <EntityMetaData name="figure2-LE-HLY-AGE65.saiku" createdDate="2016-02-26T13:55:26.146+01:00" isFolder="false" path="osha/country-card/figure2-LE-HLY-AGE65.saiku" isHidden="false" locale="en_US" title="figure2-LE-HLY-AGE65"/>
        </ExportManifestProperty>
        <ExportManifestProperty>
            <EntityAcl>
                <entriesInheriting>true</entriesInheriting>
                <owner>admin</owner>
                <ownerType>USER</ownerType>
            </EntityAcl>
        </ExportManifestProperty>
    </ExportManifestEntity>
    <ExportManifestEntity path="osha/country-card/figure3-DISCRIMINATION-AGE65.saiku">
        <ExportManifestProperty>
            <EntityMetaData name="figure3-DISCRIMINATION-AGE65.saiku" createdDate="2016-02-26T13:55:26.265+01:00" isFolder="false" path="osha/country-card/figure3-DISCRIMINATION-AGE65.saiku" isHidden="false" locale="en_US" title="figure3-DISCRIMINATION-AGE65"/>
        </ExportManifestProperty>
        <ExportManifestProperty>
            <EntityAcl>
                <entriesInheriting>true</entriesInheriting>
                <owner>admin</owner>
                <ownerType>USER</ownerType>
            </EntityAcl>
        </ExportManifestProperty>
    </ExportManifestEntity>
    <ExportManifestEntity path="osha/country-card/figure4-OLDERS-KEEPWORKING-OPINION.saiku">
        <ExportManifestProperty>
            <EntityMetaData name="figure4-OLDERS-KEEPWORKING-OPINION.saiku" createdDate="2016-02-26T13:55:26.386+01:00" isFolder="false" path="osha/country-card/figure4-OLDERS-KEEPWORKING-OPINION.saiku" isHidden="false" locale="en_US" title="figure4-OLDERS-KEEPWORKING-OPINION"/>
        </ExportManifestProperty>
        <ExportManifestProperty>
            <EntityAcl>
                <entriesInheriting>true</entriesInheriting>
                <owner>admin</owner>
                <ownerType>USER</ownerType>
            </EntityAcl>
        </ExportManifestProperty>
    </ExportManifestEntity>
    <ExportManifestEntity path="osha/country-card/figure5-SENER-2014-Q250.saiku">
        <ExportManifestProperty>
            <EntityMetaData name="figure5-SENER-2014-Q250.saiku" createdDate="2016-02-26T13:55:26.517+01:00" isFolder="false" path="osha/country-card/figure5-SENER-2014-Q250.saiku" isHidden="false" locale="en_US" title="figure5-SENER-2014-Q250"/>
        </ExportManifestProperty>
        <ExportManifestProperty>
            <EntityAcl>
                <entriesInheriting>true</entriesInheriting>
                <owner>admin</owner>
                <ownerType>USER</ownerType>
            </EntityAcl>
        </ExportManifestProperty>
    </ExportManifestEntity>
    <ExportManifestEntity path="osha/country-card/selector-panel.saiku">
        <ExportManifestProperty>
            <EntityMetaData name="selector-panel.saiku" createdDate="2016-02-26T13:55:26.722+01:00" isFolder="false" path="osha/country-card/selector-panel.saiku" isHidden="false" locale="en_US" title="selector-panel"/>
        </ExportManifestProperty>
        <ExportManifestProperty>
            <EntityAcl>
                <entriesInheriting>true</entriesInheriting>
                <owner>admin</owner>
                <ownerType>USER</ownerType>
            </EntityAcl>
        </ExportManifestProperty>
    </ExportManifestEntity>
    <ExportManifestEntity path="osha/euroshapilot-CDE">
        <ExportManifestProperty>
            <EntityMetaData name="euroshapilot-CDE" createdDate="2015-11-30T12:33:58.530+01:00" isFolder="true" path="osha/euroshapilot-CDE" isHidden="false" locale="en_US" title="euroshapilot-CDE"/>
        </ExportManifestProperty>
        <ExportManifestProperty>
            <EntityAcl>
                <entriesInheriting>true</entriesInheriting>
                <owner>admin</owner>
                <ownerType>USER</ownerType>
            </EntityAcl>
        </ExportManifestProperty>
    </ExportManifestEntity>
    <ExportManifestEntity path="osha/euroshapilot-CDE/chart1.js">
        <ExportManifestProperty>
            <EntityMetaData name="chart1.js" createdDate="2015-12-14T13:25:58.318+01:00" isFolder="false" path="osha/euroshapilot-CDE/chart1.js" isHidden="false" locale="en_US" title="chart1.js"/>
        </ExportManifestProperty>
        <ExportManifestProperty>
            <EntityAcl>
                <entriesInheriting>true</entriesInheriting>
                <owner>admin</owner>
                <ownerType>USER</ownerType>
            </EntityAcl>
        </ExportManifestProperty>
    </ExportManifestEntity>
    <ExportManifestEntity path="osha/euroshapilot-CDE/complexSQL.cda">
        <ExportManifestProperty>
            <EntityMetaData name="complexSQL.cda" createdDate="2015-11-30T12:39:32.914+01:00" isFolder="false" path="osha/euroshapilot-CDE/complexSQL.cda" isHidden="false" locale="en_US" title="complexSQL.cda"/>
        </ExportManifestProperty>
        <ExportManifestProperty>
            <EntityAcl>
                <entriesInheriting>true</entriesInheriting>
                <owner>admin</owner>
                <ownerType>USER</ownerType>
            </EntityAcl>
        </ExportManifestProperty>
    </ExportManifestEntity>
    <ExportManifestEntity path="osha/euroshapilot-CDE/complexSQL.cdfde">
        <ExportManifestProperty>
            <EntityMetaData name="complexSQL.cdfde" createdDate="2015-11-30T12:35:44.205+01:00" isFolder="false" path="osha/euroshapilot-CDE/complexSQL.cdfde" isHidden="false" locale="en_US" title="complexSQL.cdfde"/>
        </ExportManifestProperty>
        <ExportManifestProperty>
            <EntityAcl>
                <entriesInheriting>true</entriesInheriting>
                <owner>admin</owner>
                <ownerType>USER</ownerType>
            </EntityAcl>
        </ExportManifestProperty>
    </ExportManifestEntity>
    <ExportManifestEntity path="osha/euroshapilot-CDE/complexSQL.wcdf">
        <ExportManifestProperty>
            <EntityMetaData name="complexSQL.wcdf" createdDate="2015-11-30T12:35:44.141+01:00" isFolder="false" path="osha/euroshapilot-CDE/complexSQL.wcdf" isHidden="false" locale="en_US" description="complexSQL" title="complexSQL"/>
        </ExportManifestProperty>
        <ExportManifestProperty>
            <EntityAcl>
                <entriesInheriting>true</entriesInheriting>
                <owner>admin</owner>
                <ownerType>USER</ownerType>
            </EntityAcl>
        </ExportManifestProperty>
    </ExportManifestEntity>
    <ExportManifestEntity path="osha/euroshapilot-CDE/complexSQL_chart1.js">
        <ExportManifestProperty>
            <EntityMetaData name="complexSQL_chart1.js" createdDate="2015-12-14T13:25:58.256+01:00" isFolder="false" path="osha/euroshapilot-CDE/complexSQL_chart1.js" isHidden="false" locale="en_US" title="complexSQL_chart1.js"/>
        </ExportManifestProperty>
        <ExportManifestProperty>
            <EntityAcl>
                <entriesInheriting>true</entriesInheriting>
                <owner>admin</owner>
                <ownerType>USER</ownerType>
            </EntityAcl>
        </ExportManifestProperty>
    </ExportManifestEntity>
    <ExportManifestEntity path="osha/euroshapilot-CDE/contextual1.js">
        <ExportManifestProperty>
            <EntityMetaData name="contextual1.js" createdDate="2015-12-14T13:36:49.557+01:00" isFolder="false" path="osha/euroshapilot-CDE/contextual1.js" isHidden="false" locale="en_US" title="contextual1.js"/>
        </ExportManifestProperty>
        <ExportManifestProperty>
            <EntityAcl>
                <entriesInheriting>true</entriesInheriting>
                <owner>admin</owner>
                <ownerType>USER</ownerType>
            </EntityAcl>
        </ExportManifestProperty>
    </ExportManifestEntity>
    <ExportManifestEntity path="osha/euroshapilot-CDE/exporting-CDE.cda">
        <ExportManifestProperty>
            <EntityMetaData name="exporting-CDE.cda" createdDate="2015-12-14T13:34:29.576+01:00" isFolder="false" path="osha/euroshapilot-CDE/exporting-CDE.cda" isHidden="false" locale="en_US" title="exporting-CDE.cda"/>
        </ExportManifestProperty>
        <ExportManifestProperty>
            <EntityAcl>
                <entriesInheriting>true</entriesInheriting>
                <owner>admin</owner>
                <ownerType>USER</ownerType>
            </EntityAcl>
        </ExportManifestProperty>
    </ExportManifestEntity>
    <ExportManifestEntity path="osha/euroshapilot-CDE/exporting-CDE.cdfde">
        <ExportManifestProperty>
            <EntityMetaData name="exporting-CDE.cdfde" createdDate="2015-12-14T13:34:29.505+01:00" isFolder="false" path="osha/euroshapilot-CDE/exporting-CDE.cdfde" isHidden="false" locale="en_US" title="exporting-CDE.cdfde"/>
        </ExportManifestProperty>
        <ExportManifestProperty>
            <EntityAcl>
                <entriesInheriting>true</entriesInheriting>
                <owner>admin</owner>
                <ownerType>USER</ownerType>
            </EntityAcl>
        </ExportManifestProperty>
    </ExportManifestEntity>
    <ExportManifestEntity path="osha/euroshapilot-CDE/exporting-CDE.wcdf">
        <ExportManifestProperty>
            <EntityMetaData name="exporting-CDE.wcdf" createdDate="2015-12-14T13:34:29.451+01:00" isFolder="false" path="osha/euroshapilot-CDE/exporting-CDE.wcdf" isHidden="false" locale="en_US" description="exporting-CDE" title="exporting-CDE"/>
        </ExportManifestProperty>
        <ExportManifestProperty>
            <EntityAcl>
                <entriesInheriting>true</entriesInheriting>
                <owner>admin</owner>
                <ownerType>USER</ownerType>
            </EntityAcl>
        </ExportManifestProperty>
    </ExportManifestEntity>
    <ExportManifestEntity path="osha/euroshapilot-CDE/exporting-CDE_contextual1.js">
        <ExportManifestProperty>
            <EntityMetaData name="exporting-CDE_contextual1.js" createdDate="2015-12-14T13:36:49.518+01:00" isFolder="false" path="osha/euroshapilot-CDE/exporting-CDE_contextual1.js" isHidden="false" locale="en_US" title="exporting-CDE_contextual1.js"/>
        </ExportManifestProperty>
        <ExportManifestProperty>
            <EntityAcl>
                <entriesInheriting>true</entriesInheriting>
                <owner>admin</owner>
                <ownerType>USER</ownerType>
            </EntityAcl>
        </ExportManifestProperty>
    </ExportManifestEntity>
    <ExportManifestEntity path="osha/situation stories-deprecated">
        <ExportManifestProperty>
            <EntityMetaData name="situation stories-deprecated" createdDate="2015-11-12T11:02:09.138+01:00" isFolder="true" path="osha/situation stories-deprecated" isHidden="false" locale="en_US" title="situation stories-deprecated"/>
        </ExportManifestProperty>
        <ExportManifestProperty>
            <EntityAcl>
                <entriesInheriting>true</entriesInheriting>
                <owner>admin</owner>
                <ownerType>USER</ownerType>
            </EntityAcl>
        </ExportManifestProperty>
    </ExportManifestEntity>
    <ExportManifestEntity path="osha/situation stories-deprecated/sit-context1.saiku">
        <ExportManifestProperty>
            <EntityMetaData name="sit-context1.saiku" createdDate="2015-11-12T11:41:24.067+01:00" isFolder="false" path="osha/situation stories-deprecated/sit-context1.saiku" isHidden="false" locale="en_US" title="sit-context1"/>
        </ExportManifestProperty>
        <ExportManifestProperty>
            <EntityAcl>
                <entriesInheriting>true</entriesInheriting>
                <owner>admin</owner>
                <ownerType>USER</ownerType>
            </EntityAcl>
        </ExportManifestProperty>
    </ExportManifestEntity>
    <ExportManifestEntity path="osha/situation stories-deprecated/sit-context2.saiku">
        <ExportManifestProperty>
            <EntityMetaData name="sit-context2.saiku" createdDate="2015-11-12T11:42:06.986+01:00" isFolder="false" path="osha/situation stories-deprecated/sit-context2.saiku" isHidden="false" locale="en_US" title="sit-context2"/>
        </ExportManifestProperty>
        <ExportManifestProperty>
            <EntityAcl>
                <entriesInheriting>true</entriesInheriting>
                <owner>admin</owner>
                <ownerType>USER</ownerType>
            </EntityAcl>
        </ExportManifestProperty>
    </ExportManifestEntity>
    <ExportManifestEntity path="osha/situation stories-deprecated/sit-context3.saiku">
        <ExportManifestProperty>
            <EntityMetaData name="sit-context3.saiku" createdDate="2015-11-12T11:42:17.718+01:00" isFolder="false" path="osha/situation stories-deprecated/sit-context3.saiku" isHidden="false" locale="en_US" title="sit-context3"/>
        </ExportManifestProperty>
        <ExportManifestProperty>
            <EntityAcl>
                <entriesInheriting>true</entriesInheriting>
                <owner>admin</owner>
                <ownerType>USER</ownerType>
            </EntityAcl>
        </ExportManifestProperty>
    </ExportManifestEntity>
    <ExportManifestEntity path="osha/situation stories-deprecated/sit-context4.saiku">
        <ExportManifestProperty>
            <EntityMetaData name="sit-context4.saiku" createdDate="2015-11-23T11:18:40.949+01:00" isFolder="false" path="osha/situation stories-deprecated/sit-context4.saiku" isHidden="false" locale="en_US" title="sit-context4"/>
        </ExportManifestProperty>
        <ExportManifestProperty>
            <EntityAcl>
                <entriesInheriting>true</entriesInheriting>
                <owner>admin</owner>
                <ownerType>USER</ownerType>
            </EntityAcl>
        </ExportManifestProperty>
    </ExportManifestEntity>
    <ExportManifestEntity path="osha/situation stories-deprecated/sit-context5.saiku">
        <ExportManifestProperty>
            <EntityMetaData name="sit-context5.saiku" createdDate="2015-11-12T11:42:41.118+01:00" isFolder="false" path="osha/situation stories-deprecated/sit-context5.saiku" isHidden="false" locale="en_US" title="sit-context5"/>
        </ExportManifestProperty>
        <ExportManifestProperty>
            <EntityAcl>
                <entriesInheriting>true</entriesInheriting>
                <owner>admin</owner>
                <ownerType>USER</ownerType>
            </EntityAcl>
        </ExportManifestProperty>
    </ExportManifestEntity>
    <ExportManifestEntity path="osha/situation stories-deprecated/sit-context6.saiku">
        <ExportManifestProperty>
            <EntityMetaData name="sit-context6.saiku" createdDate="2015-11-12T11:42:51.502+01:00" isFolder="false" path="osha/situation stories-deprecated/sit-context6.saiku" isHidden="false" locale="en_US" title="sit-context6"/>
        </ExportManifestProperty>
        <ExportManifestProperty>
            <EntityAcl>
                <entriesInheriting>true</entriesInheriting>
                <owner>admin</owner>
                <ownerType>USER</ownerType>
            </EntityAcl>
        </ExportManifestProperty>
    </ExportManifestEntity>
    <ExportManifestEntity path="osha/situation stories-deprecated/sit-main.saiku">
        <ExportManifestProperty>
            <EntityMetaData name="sit-main.saiku" createdDate="2015-11-12T11:43:01.011+01:00" isFolder="false" path="osha/situation stories-deprecated/sit-main.saiku" isHidden="false" locale="en_US" title="sit-main"/>
        </ExportManifestProperty>
        <ExportManifestProperty>
            <EntityAcl>
                <entriesInheriting>true</entriesInheriting>
                <owner>admin</owner>
                <ownerType>USER</ownerType>
            </EntityAcl>
        </ExportManifestProperty>
    </ExportManifestEntity>
    <ExportManifestEntity path="osha/test">
        <ExportManifestProperty>
            <EntityMetaData name="test" createdDate="2016-03-11T13:05:38.351+01:00" isFolder="true" path="osha/test" isHidden="false" locale="en_US" title="test"/>
        </ExportManifestProperty>
        <ExportManifestProperty>
            <EntityAcl>
                <entriesInheriting>true</entriesInheriting>
                <owner>admin</owner>
                <ownerType>USER</ownerType>
            </EntityAcl>
        </ExportManifestProperty>
    </ExportManifestEntity>
</ns2:ExportManifest>
